,CrashFactId,Name,MinorInjuries,ModerateInjuries,SevereInjuries,FatalInjuries,TcrNumber,CityDamageFlag,ShortFormFlag,Distance,CrashDateTime,PedestrianAction,RoadwaySurface,RoadwayCondition,Lighting,PrimaryCollisionFactor,TrafficControl,Weather,CollisionType,ProximityToIntersection,VehicleInvolvedWith,PedestrianDirectionFrom,PedestrianDirectionTo,DirectionFromIntersection,Comment,SpeedingFlag,HitAndRunFlag,IntersectionNumber,AStreetName,BStreetName,Latitude,Longitude
667,694467,CR-0000098432,1,0,0,0,23-140-0424,False,False,150.0,2023-05-20 13:00:00,No Pedestrians Involved,Dry,No Unusual Conditions,Daylight,Violation Driver 1,No Controls Present/Factor,Clear,Sideswipe,Non-Related,Other Vehicle,Not Applicable,Not Applicable,East Of,,False,False,39313,CICERO WY,QUIMBY RD,37.32536138,-121.7991306
668,698710,CR-0000099959,0,0,0,0,23-147-0794,False,False,0.0,2023-05-27 19:43:00,No Pedestrians Involved,Dry,No Unusual Conditions,Dusk - Dawn,Violation Driver 1,No Controls Present/Factor,Clear,Broadside,Intersection,Motor Vehicle On Other Roadway,Not Applicable,Not Applicable,At,,True,False,39313,CICERO WY,QUIMBY RD,37.32536138,-121.7991306
670,694697,CR-0000098731,1,0,0,0,23-234-0137,False,False,0.0,2023-08-22 06:13:00,No Pedestrians Involved,Dry,No Unusual Conditions,Dusk - Dawn,Violation Driver 1,Controls Functioning,Clear,Broadside,Intersection,Other Vehicle,Not Applicable,Not Applicable,At,,False,False,27103,BURDICK WY,QUIMBY RD,37.32555897,-121.8001299
672,698756,CR-0000100037,0,1,1,0,23-358-0357,False,False,0.0,2023-12-24 17:32:00,No Pedestrians Involved,Dry,No Unusual Conditions,Daylight,Violation Driver 1,Controls Functioning,Clear,Broadside,Intersection,Other Vehicle,Not Applicable,Not Applicable,At,,True,False,102497,QUIMBY RD,SAND POINT DR,37.32472109,-121.804784
673,691226,CR-0000097449,0,0,0,0,23-049-0096,False,False,0.0,2023-02-18 01:58:00,No Pedestrians Involved,Dry,No Unusual Conditions,Dark - Street Light,Violation Driver 1,No Controls Present/Factor,Clear,Broadside,Intersection,Other Vehicle,Not Applicable,Not Applicable,At,,True,True,102519,QUIMBY RD,SCOTTSDALE DR,37.32452453,-121.805675
674,691330,CR-0000097577,0,0,0,0,23-062-0375,False,False,0.0,2023-03-03 11:17:00,No Pedestrians Involved,Dry,No Unusual Conditions,Daylight,Violation Driver 1,No Controls Present/Factor,Clear,Vehicle/Bike,Intersection,Bike,Not Applicable,Not Applicable,At,,False,False,102519,QUIMBY RD,SCOTTSDALE DR,37.32452453,-121.805675
675,715958,CR-0000101899,0,0,1,0,23-342-0522,False,False,0.0,2023-12-08 13:22:00,No Pedestrians Involved,Dry,No Unusual Conditions,Daylight,Violation Driver 1,No Controls Present/Factor,Clear,Broadside,Intersection,Motorcycle,Not Applicable,Not Applicable,At,MC,False,False,102519,QUIMBY RD,SCOTTSDALE DR,37.32452453,-121.805675
676,711884,CR-0000101228,0,0,0,0,23-316-0711,False,False,0.0,2023-11-12 19:32:00,No Pedestrians Involved,Unknown,No Unusual Conditions,Dark - Street Light,Violation Driver 1,No Controls Present/Factor,Clear,Vehicle/Bike,Intersection,Bike,Not Applicable,Not Applicable,At,BIKE,False,True,102519,QUIMBY RD,SCOTTSDALE DR,37.32452453,-121.805675
678,712241,CR-0000101687,0,0,0,0,23-329-0347,False,False,396.0,2023-11-25 05:30:00,No Pedestrians Involved,Dry,No Unusual Conditions,Dark - Street Light,Violation Driver 1,No Controls Present/Factor,Clear,Sideswipe,Non-Related,Parked Vehicle,Not Applicable,Not Applicable,West Of,,False,True,96447,NORWALK DR,RICHFIELD DR,37.31839666,-121.9840575
679,717419,CR-0000102432,0,0,0,0,23-049-0156,False,False,320.0,2023-02-18 04:15:00,No Pedestrians Involved,Dry,No Unusual Conditions,Dark - Street Light,Violation Driver 1,No Controls Present/Factor,Clear,Head On,Non-Related,Parked Vehicle,Not Applicable,Not Applicable,North Of,,True,False,96447,NORWALK DR,RICHFIELD DR,37.31839666,-121.9840575
681,696288,CR-0000099444,0,0,1,0,23-289-1023,False,False,19.0,2023-10-16 23:55:00,No Pedestrians Involved,Dry,No Unusual Conditions,Dark - Street Light,Violation Driver 1,Controls Functioning,Clear,Rear End,Related,Motorcycle,Not Applicable,Not Applicable,West Of,,True,True,4190,ALMA AV,SANBORN AV,37.31520968,-121.8756919
692,696090,CR-0000099225,0,1,0,0,23-116-0707,False,False,51.0,2023-04-26 18:32:00,No Pedestrians Involved,Dry,No Unusual Conditions,Daylight,Violation Driver 1,Unknown,Clear,Vehicle/Pedestrian,Non-Related,Fixed Object,Not Applicable,Not Applicable,South Of,AT&T POLE,False,False,78957,KEPPLER DR/CT,QUIMBY RD,37.32427497,-121.8066599
694,696408,CR-0000099584,0,0,0,0,23-152-4002,False,True,51.0,2023-05-31 08:00:00,No Pedestrians Involved,Unknown,Unknown,Daylight,Unknown,Unknown,Unknown,Sideswipe,Non-Related,Parked Vehicle,Not Applicable,Not Applicable,East Of,,False,False,118997,MOUNT CLARE DR,WHITE RD,37.33409969,-121.8000833
695,690643,CR-0000096765,0,1,0,0,23-027-0380,False,False,48.0,2023-01-27 12:00:00,No Pedestrians Involved,Dry,No Unusual Conditions,Daylight,Violation Driver 1,No Controls Present/Factor,Clear,Rear End,Related,Other Vehicle,Not Applicable,Not Applicable,East Of,,True,False,76383,JACOB AV,WILLOWPARK DR,37.26365775,-121.8981495
698,690735,CR-0000096872,0,0,1,0,23-017-0013,False,False,0.0,2023-01-17 00:06:00,Crossing - Not In Crosswalk,Dry,No Unusual Conditions,Dark - Street Light,Violation Driver 1,Controls Functioning,Clear,Vehicle/Pedestrian,Intersection,Pedestrian,West,East,At,PED,False,False,60455,FIRST ST,MATRIX BL,37.3710765,-121.9166191
699,696146,CR-0000099288,1,0,1,0,23-108-0919,False,False,0.0,2023-04-18 22:52:00,No Pedestrians Involved,Dry,No Unusual Conditions,Dark - Street Light,Violation Driver 1,Controls Functioning,Clear,Broadside,Intersection,Other Vehicle,Not Applicable,Not Applicable,At,,False,False,60455,FIRST ST,MATRIX BL,37.3710765,-121.9166191
700,694695,CR-0000098729,1,0,0,0,23-231-0342,False,False,210.0,2023-08-19 11:45:00,No Pedestrians Involved,Dry,No Unusual Conditions,Daylight,Violation Driver 1,No Controls Present/Factor,Clear,Broadside,Non-Related,Other Vehicle,Not Applicable,Not Applicable,West Of,,False,False,60455,FIRST ST,MATRIX BL,37.3710765,-121.9166191
701,694647,CR-0000098680,1,0,0,0,23-211-0816,False,False,0.0,2023-07-30 22:27:00,No Pedestrians Involved,Dry,No Unusual Conditions,Daylight,Violation Driver 1,No Controls Present/Factor,Clear,Rear End,Intersection,Other Vehicle,Not Applicable,Not Applicable,At,,False,False,60455,FIRST ST,MATRIX BL,37.3710765,-121.9166191
702,698827,CR-0000100110,1,0,0,0,23-350-0777,False,False,60.0,2023-12-01 18:47:00,No Pedestrians Involved,Dry,No Unusual Conditions,Dark - Street Light,Violation Driver 1,No Controls Present/Factor,Clear,Rear End,Non-Related,Other Vehicle,Not Applicable,Not Applicable,West Of,,False,False,60455,FIRST ST,MATRIX BL,37.3710765,-121.9166191
703,699163,CR-0000100482,0,0,0,0,23-167-0192,False,False,0.0,2023-06-16 07:55:00,No Pedestrians Involved,Dry,No Unusual Conditions,Daylight,Violation Driver 1,Controls Not Functioning,Clear,Broadside,Intersection,Other Vehicle,Not Applicable,Not Applicable,At,,False,False,60455,FIRST ST,MATRIX BL,37.3710765,-121.9166191
704,699262,CR-0000100585,0,0,0,0,23-167-9703,False,True,0.0,2023-06-15 21:10:00,No Pedestrians Involved,Dry,No Unusual Conditions,Dark - Street Light,Unknown,Controls Functioning,Clear,Rear End,Intersection,Other Vehicle,Not Applicable,Not Applicable,At,,False,False,60455,FIRST ST,MATRIX BL,37.3710765,-121.9166191
705,711675,CR-0000101201,0,0,0,0,23-305-4003,False,True,0.0,2023-11-01 13:50:00,No Pedestrians Involved,Unknown,Unknown,Unknown,Unknown,Unknown,Unknown,Rear End,Intersection,Other Vehicle,Not Applicable,Not Applicable,At,,False,False,60455,FIRST ST,MATRIX BL,37.3710765,-121.9166191
711,711894,CR-0000101458,0,0,0,0,23-250-4005,False,True,0.0,2023-09-07 09:10:00,No Pedestrians Involved,Unknown,Unknown,Unknown,Unknown,Unknown,Unknown,Rear End,Intersection,Other Vehicle,Not Applicable,Not Applicable,At,,False,False,60455,FIRST ST,MATRIX BL,37.3710765,-121.9166191
713,712087,CR-0000101530,0,0,0,0,23-363-0200,True,False,51.0,2023-12-29 08:58:00,No Pedestrians Involved,Wet,No Unusual Conditions,Daylight,Violation Driver 1,No Controls Present/Factor,Rain,Hit Object,Non-Related,Fixed Object,Not Applicable,Not Applicable,East Of,LIGHTPOLE,True,False,133055,HELZER RD,MACINTYPRE DR,37.28321808,-121.8645941
715,694312,CR-0000098256,2,0,0,0,23-178-0650,False,False,0.0,2023-06-27 16:25:00,No Pedestrians Involved,Dry,No Unusual Conditions,Daylight,Violation Driver 1,Controls Functioning,Clear,Broadside,Intersection,Other Vehicle,Not Applicable,Not Applicable,At,,True,False,30733,CAMINA ESCUELA/JUNIPERO SERRA LN,MOORPARK AV,37.315895,-121.9841955
716,712219,CR-0000101662,0,0,0,0,23-254-0915,False,False,301.0,2023-09-11 20:20:00,No Pedestrians Involved,Dry,No Unusual Conditions,Dark - Street Light,Violation Driver 1,No Controls Present/Factor,Clear,Head On,Non-Related,Parked Vehicle,Not Applicable,Not Applicable,East Of,,False,False,30733,CAMINA ESCUELA/JUNIPERO SERRA LN,MOORPARK AV,37.315895,-121.9841955
718,712122,CR-0000100877,0,0,0,0,23-206-9706,False,True,,2023-07-22 01:33:00,No Pedestrians Involved,Dry,No Unusual Conditions,Dark - No Street Light,Unknown,No Controls Present/Factor,Clear,Sideswipe,Related,Parked Vehicle,Not Applicable,Not Applicable,Unknown,,False,False,10119,AUBURN WY,NORWALK DR,37.31841086,-121.9820735
721,691240,CR-0000097465,0,0,0,0,23-046-0784,False,False,0.0,2023-02-15 17:56:00,No Pedestrians Involved,Dry,No Unusual Conditions,Dusk - Dawn,Violation Driver 1,No Controls Present/Factor,Clear,Broadside,Intersection,Other Vehicle,Not Applicable,Not Applicable,At,,True,True,68485,GREENDALE WY,NORWALK DR,37.31840404,-121.9830771
725,690872,CR-0000097015,1,0,0,0,23-018-0824,False,False,0.0,2023-01-18 21:00:00,No Pedestrians Involved,Dry,No Unusual Conditions,Dark - Street Light,Violation Driver 1,Controls Functioning,Clear,Broadside,Intersection,Motor Vehicle On Other Roadway,Not Applicable,Not Applicable,At,,False,False,84809,LOMA LINDA DR,STEVENS CREEK BL,37.32305419,-121.9920882
726,694318,CR-0000098262,0,1,0,0,23-181-0285,False,False,0.0,2023-06-30 10:46:00,No Pedestrians Involved,Dry,No Unusual Conditions,Daylight,Violation Driver 1,No Controls Present/Factor,Clear,Vehicle/Bike,Intersection,Bike,Not Applicable,Not Applicable,At,BIKE,False,False,85590,LOUPE AV,MCLAUGHLIN AV,37.30296002,-121.8247077
727,698759,CR-0000100040,0,1,0,0,23-361-0584,False,False,0.0,2023-12-27 15:20:00,No Pedestrians Involved,Dry,No Unusual Conditions,Daylight,Violation Driver 1,Controls Functioning,Cloudy,Broadside,Intersection,Other Vehicle,Not Applicable,Not Applicable,At,,False,False,85590,LOUPE AV,MCLAUGHLIN AV,37.30296002,-121.8247077
736,698679,CR-0000099916,2,0,0,0,23-231-0423,False,False,0.0,2023-08-19 14:00:00,No Pedestrians Involved,Dry,Unknown,Daylight,Violation Driver 1,No Controls Present/Factor,Clear,Broadside,Intersection,Other Vehicle,Not Applicable,Not Applicable,At,,False,False,4300,ALMADEN AV,FLOYD ST,37.31473912,-121.8790923
737,711847,CR-0000101532,0,0,0,0,23-347-0577,False,False,0.0,2023-12-13 14:52:00,No Pedestrians Involved,Dry,No Unusual Conditions,Daylight,Violation Driver 1,Controls Functioning,Clear,Broadside,Intersection,Other Vehicle,Not Applicable,Not Applicable,At,,False,False,4300,ALMADEN AV,FLOYD ST,37.31473912,-121.8790923
740,696050,CR-0000099185,0,0,0,0,23-030-0716,False,True,0.0,2023-01-30 18:24:00,No Pedestrians Involved,Dry,No Unusual Conditions,Daylight,Unknown,Controls Functioning,Clear,Broadside,Intersection,Other Vehicle,Not Applicable,Not Applicable,West Of,,False,False,61929,FLOYD ST,VINE ST,37.314107,-121.8800444
742,690845,CR-0000096986,1,0,0,0,23-020-1087,False,False,0.0,2023-01-20 20:56:00,No Pedestrians Involved,Dry,No Unusual Conditions,Dark - Street Light,Violation Driver 1,Controls Functioning,Clear,Broadside,Intersection,Motor Vehicle On Other Roadway,Not Applicable,Not Applicable,At,,False,False,61874,FLOYD ST,LOCUST ST,37.31352282,-121.8809256
744,699213,CR-0000100534,0,0,0,0,23-160-4002,False,True,51.0,2023-06-08 21:30:00,No Pedestrians Involved,Unknown,Unknown,Unknown,Unknown,Unknown,Unknown,Broadside,Non-Related,Other Vehicle,Not Applicable,Not Applicable,East Of,,False,False,61896,FLOYD ST,PALM ST,37.31293683,-121.8818125
751,696038,CR-0000099173,0,0,0,0,23-206-0295,False,False,100.0,2023-07-25 09:45:00,No Pedestrians Involved,Dry,No Unusual Conditions,Daylight,Violation Driver 1,Controls Functioning,Clear,Rear End,Non-Related,Other Vehicle,Not Applicable,Not Applicable,West Of,,False,False,64019,FRUITDALE AV,SOUTHWEST EX,37.3107046,-121.9174075
752,696287,CR-0000099443,1,0,0,0,23-289-0630,False,False,0.0,2023-10-16 15:45:00,No Pedestrians Involved,Dry,No Unusual Conditions,Daylight,Bike At Fault,Controls Functioning,Clear,Vehicle/Bike,Intersection,Scooter Motorized,Not Applicable,Not Applicable,At,E.SCOOTER,False,False,64019,FRUITDALE AV,SOUTHWEST EX,37.3107046,-121.9174075
753,690846,CR-0000096987,2,0,0,0,23-023-0443,False,False,0.0,2023-01-23 14:00:00,No Pedestrians Involved,Dry,No Unusual Conditions,Daylight,Violation Driver 1,Controls Functioning,Clear,Broadside,Intersection,Other Vehicle,Not Applicable,Not Applicable,At,,False,False,64019,FRUITDALE AV,SOUTHWEST EX,37.3107046,-121.9174075
754,690955,CR-0000097125,1,0,0,0,23-041-0827,False,False,100.0,2023-02-10 18:50:00,No Pedestrians Involved,Dry,No Unusual Conditions,Dark - Street Light,Violation Driver 1,Controls Functioning,Clear,Rear End,Non-Related,Other Vehicle,Not Applicable,Not Applicable,South Of,,True,False,64019,FRUITDALE AV,SOUTHWEST EX,37.3107046,-121.9174075
756,712107,CR-0000101489,0,0,0,0,23-257-9709,False,True,,2023-09-12 17:00:00,No Pedestrians Involved,Dry,No Unusual Conditions,Unknown,Unknown,Controls Functioning,Clear,Rear End,Related,Other Vehicle,Not Applicable,Not Applicable,Unknown,,False,False,64019,FRUITDALE AV,SOUTHWEST EX,37.3107046,-121.9174075
760,698696,CR-0000099944,0,1,0,0,23-295-0289,False,False,0.0,2023-10-22 07:10:00,No Pedestrians Involved,Dry,No Unusual Conditions,Daylight,Unknown,Controls Functioning,Clear,Vehicle/Bike,Intersection,Bike,Not Applicable,Not Applicable,At,BIKE,False,False,24310,BRANHAM LN,VISTAPARK DR,37.26586386,-121.8465744
761,698788,CR-0000100069,1,0,0,0,23-363-0591,False,False,0.0,2023-12-29 17:37:00,Crossing In Crosswalk - At Intersection,Wet,No Unusual Conditions,Dark - Street Light,Violation Driver 1,Controls Functioning,Rain,Vehicle/Pedestrian,Intersection,Pedestrian,East,West,At,PED,False,True,83005,LEIGH AV,STOKES ST,37.30142851,-121.922858
762,699433,CR-0000100802,0,0,0,0,23-202-9702,False,True,51.0,2023-07-14 12:00:00,No Pedestrians Involved,Dry,No Unusual Conditions,Daylight,Unknown,No Controls Present/Factor,Clear,Vehicle/Pedestrian,Non-Related,Parked Vehicle,Not Applicable,Not Applicable,Unknown,,False,False,83005,LEIGH AV,STOKES ST,37.30142851,-121.922858
763,696333,CR-0000099489,0,1,0,0,23-296-0622,False,False,0.0,2023-10-23 15:37:00,No Pedestrians Involved,Dry,No Unusual Conditions,Daylight,Unknown,Controls Functioning,Clear,Broadside,Intersection,Other Vehicle,Not Applicable,Not Applicable,At,,False,False,83005,LEIGH AV,STOKES ST,37.30142851,-121.922858
764,696049,CR-0000099184,0,0,0,0,23-033-9702,False,True,,2023-01-27 06:30:00,No Pedestrians Involved,Dry,No Unusual Conditions,Dusk - Dawn,Unknown,No Controls Present/Factor,Clear,Sideswipe,Related,Parked Vehicle,Not Applicable,Not Applicable,Unknown,,False,False,83005,LEIGH AV,STOKES ST,37.30142851,-121.922858
765,694502,CR-0000098496,0,1,0,0,23-179-0513,False,False,220.0,2023-06-28 14:53:00,No Pedestrians Involved,Dry,No Unusual Conditions,Daylight,Violation Driver 1,No Controls Present/Factor,Clear,Broadside,Non-Related,Other Vehicle,Not Applicable,Not Applicable,South Of,,False,False,83005,LEIGH AV,STOKES ST,37.30142851,-121.922858
766,694525,CR-0000098519,1,0,0,0,23-193-0894,False,False,286.0,2023-07-12 23:05:00,No Pedestrians Involved,Dry,No Unusual Conditions,Dark - Street Light,Violation Driver 1,No Controls Present/Factor,Clear,Sideswipe,Non-Related,Other Vehicle,Not Applicable,Not Applicable,North Of,,False,False,83005,LEIGH AV,STOKES ST,37.30142851,-121.922858
767,692378,CR-0000097660,0,0,0,0,23-066-0887,False,False,0.0,2023-03-07 23:00:00,No Pedestrians Involved,Dry,No Unusual Conditions,Dark - Street Light,Violation Driver 1,Controls Functioning,Clear,Rear End,Intersection,Parked Vehicle,Not Applicable,Not Applicable,At,,False,False,83005,LEIGH AV,STOKES ST,37.30142851,-121.922858
768,692497,CR-0000097785,2,1,0,0,23-074-0438,False,False,180.0,2023-03-15 12:28:00,No Pedestrians Involved,Dry,Unknown,Daylight,Violation Driver 1,No Controls Present/Factor,Clear,Broadside,Non-Related,Other Vehicle,Not Applicable,Not Applicable,South Of,,False,False,83005,LEIGH AV,STOKES ST,37.30142851,-121.922858
771,692404,CR-0000097687,0,0,0,0,23-080-0128,True,False,0.0,2023-03-21 07:12:00,No Pedestrians Involved,Wet,No Unusual Conditions,Dusk - Dawn,Violation Driver 1,No Controls Present/Factor,Rain,Hit Object,Intersection,Fixed Object,Not Applicable,Not Applicable,At,LIGHT POLE,True,True,54450,EDISON DR,ROUGH AND READY RD,37.37238494,-121.8416754
777,711534,CR-0000101524,0,0,0,0,23-365-0027,False,False,243.0,2023-12-31 00:26:00,No Pedestrians Involved,Dry,No Unusual Conditions,Dark - No Street Light,Violation Driver 1,No Controls Present/Factor,Clear,Rear End,Non-Related,Parked Vehicle,Not Applicable,Not Applicable,East Of,,False,True,111320,SYLVAN DR,WHITE RD,37.34270686,-121.8069843
778,694232,CR-0000097889,0,1,0,0,23-116-0940,False,False,278.0,2023-04-26 23:30:00,No Pedestrians Involved,Dry,No Unusual Conditions,Dark - Street Light,Violation Driver 1,Unknown,Clear,Sideswipe,Non-Related,Parked Vehicle,Not Applicable,Not Applicable,West Of,,False,False,71136,HAYWORTH DR,SYLVAN DR,37.34462373,-121.8032441
781,692558,CR-0000097849,1,1,0,0,23-096-0361,False,False,40.0,2023-04-06 11:16:00,No Pedestrians Involved,Dry,No Unusual Conditions,Daylight,Violation Driver 1,No Controls Present/Factor,Clear,Broadside,Related,Other Vehicle,Not Applicable,Not Applicable,South Of,,False,False,7171,ANDORA DR,FLINT AV,37.34721607,-121.8017173
782,691193,CR-0000097395,0,0,0,0,23-057-0052,False,False,48.0,2023-02-26 00:49:00,No Pedestrians Involved,Dry,No Unusual Conditions,Dark - Street Light,Violation Driver 1,No Controls Present/Factor,Clear,Hit Object,Related,Fixed Object,Not Applicable,Not Applicable,West Of,Metal Fence,True,True,61302,FLINT AV,MARTEN AV,37.34769258,-121.8024016
783,690623,CR-0000096744,1,0,0,0,23-020-0536,False,False,415.0,2023-01-20 14:55:00,No Pedestrians Involved,Dry,No Unusual Conditions,Daylight,Violation Driver 1,Controls Functioning,Clear,Rear End,Non-Related,Other Vehicle,Not Applicable,Not Applicable,West Of,,False,False,61302,FLINT AV,MARTEN AV,37.34769258,-121.8024016
788,691202,CR-0000097405,0,0,0,0,23-061-4003,False,True,51.0,2023-02-28 16:30:00,No Pedestrians Involved,Unknown,Unknown,Unknown,Unknown,Unknown,Unknown,Other,Non-Related,Parked Vehicle,Not Applicable,Not Applicable,East Of,,False,False,5675,ALMOND DR/GLEN COMO WY,WHITE RD,37.33342008,-121.7998646
797,691283,CR-0000097528,0,0,0,0,23-037-0181,False,False,290.0,2023-02-05 19:00:00,No Pedestrians Involved,Dry,No Unusual Conditions,Dark - Street Light,Violation Driver 1,No Controls Present/Factor,Clear,Other,Non-Related,Other Vehicle,Not Applicable,Not Applicable,East Of,,False,False,140326,CHARLOTTE DR,LEXINGTON AV,37.24974447,-121.8011764
804,694379,CR-0000098323,1,1,0,0,23-166-0202,False,False,0.0,2023-06-15 07:11:00,No Pedestrians Involved,Dry,No Unusual Conditions,Daylight,Violation Driver 1,Controls Functioning,Clear,Broadside,Intersection,Other Vehicle,Not Applicable,Not Applicable,At,,False,False,140370,CHARLOTTE DR,CORONADO AV,37.24845638,-121.8011566
810,699261,CR-0000100584,0,0,0,0,23-169-9702,False,True,0.0,2023-06-08 22:30:00,No Pedestrians Involved,Dry,No Unusual Conditions,Daylight,Unknown,Controls Functioning,Clear,Sideswipe,Intersection,Other Vehicle,Not Applicable,Not Applicable,At,,False,False,138380,ENDICOTT BL,GREAT OAKS BL,37.25320199,-121.7995558
811,699112,CR-0000100428,0,0,0,0,23-159-4004,False,True,0.0,2023-06-08 14:30:00,No Pedestrians Involved,Unknown,Unknown,Unknown,Unknown,Unknown,Unknown,Rear End,Intersection,Other Vehicle,Not Applicable,Not Applicable,At,,False,False,138380,ENDICOTT BL,GREAT OAKS BL,37.25320199,-121.7995558
813,696012,CR-0000099147,0,0,0,0,23-210-0855,False,False,20.0,2023-07-29 21:47:00,No Pedestrians Involved,Dry,No Unusual Conditions,Dark - Street Light,Violation Driver 1,No Controls Present/Factor,Clear,Rear End,Related,Parked Vehicle,Not Applicable,Not Applicable,East Of,,False,True,136510,RORTY DR,WALZER WY,37.28355184,-121.8658949
814,690968,CR-0000097139,2,0,0,0,23-034-0314,False,False,0.0,2023-02-03 10:38:00,No Pedestrians Involved,Dry,No Unusual Conditions,Daylight,Violation Driver 1,Controls Functioning,Cloudy,Head On,Intersection,Other Vehicle,Not Applicable,Not Applicable,At,,False,False,136510,RORTY DR,WALZER WY,37.28355184,-121.8658949
815,711832,CR-0000101312,0,0,0,0,23-339-0694,False,True,0.0,2023-12-05 08:30:00,No Pedestrians Involved,Unknown,Unknown,Unknown,Unknown,Unknown,Unknown,Vehicle/Bike,Intersection,Bike,Not Applicable,Not Applicable,At,,False,False,23650,HARWOOD RD,LITTLE BRANHAM LN,37.25027899,-121.9131189
816,691290,CR-0000097535,0,0,0,0,23-036-0488,False,False,130.0,2023-02-05 14:30:00,No Pedestrians Involved,Wet,No Unusual Conditions,Daylight,Violation Driver 1,No Controls Present/Factor,Clear,Sideswipe,Non-Related,Parked Vehicle,Not Applicable,Not Applicable,West Of,,True,True,23957,BRANHAM LANE EAST,OSGOOD CT,37.26817765,-121.8078784
825,694075,CR-0000098040,1,0,0,0,23-114-0440,False,False,30.0,2023-04-24 13:08:00,No Pedestrians Involved,Dry,No Unusual Conditions,Daylight,Violation Driver 1,No Controls Present/Factor,Clear,Broadside,Related,Other Vehicle,Not Applicable,Not Applicable,North Of,,True,False,79705,KING RD,WAVERLY AV,37.32575944,-121.8292428
826,694070,CR-0000098079,2,2,0,0,23-077-0085,False,False,302.0,2023-03-18 02:18:00,No Pedestrians Involved,Dry,No Unusual Conditions,Dark - Street Light,Violation Driver 1,Controls Functioning,Clear,Head On,Non-Related,Other Vehicle,Not Applicable,Not Applicable,South Of,,False,False,79705,KING RD,WAVERLY AV,37.32575944,-121.8292428
827,699389,CR-0000100717,2,0,0,0,23-321-0295,False,False,0.0,2023-11-17 10:38:00,No Pedestrians Involved,Dry,No Unusual Conditions,Daylight,Violation Driver 1,Controls Functioning,Clear,Broadside,Intersection,Other Vehicle,Not Applicable,Not Applicable,At,,True,False,79705,KING RD,WAVERLY AV,37.32575944,-121.8292428
833,699428,CR-0000100762,2,0,0,0,23-201-0221,False,False,0.0,2023-07-20 08:45:00,Crossing In Crosswalk - At Intersection,Dry,No Unusual Conditions,Daylight,Violation Driver 1,Controls Functioning,Clear,Vehicle/Pedestrian,Intersection,Pedestrian,West,East,At,PED,False,False,46694,CUNNINGHAM AV,KING RD,37.32828686,-121.8317562
834,696253,CR-0000099400,1,0,0,0,23-190-0274,False,False,0.0,2023-07-09 10:05:00,Crossing In Crosswalk - At Intersection,Dry,No Unusual Conditions,Daylight,Violation Driver 1,Controls Functioning,Clear,Vehicle/Pedestrian,Intersection,Pedestrian,East,West,At,PEDESTRIAN,True,False,46694,CUNNINGHAM AV,KING RD,37.32828686,-121.8317562
835,696118,CR-0000099259,0,0,0,0,23-232-0244,True,False,180.0,2023-08-20 05:21:00,No Pedestrians Involved,Dry,No Unusual Conditions,Dark - Street Light,Violation Driver 1,Controls Functioning,Clear,Hit Object,Non-Related,Fixed Object,Not Applicable,Not Applicable,North Of,TREE,True,False,46694,CUNNINGHAM AV,KING RD,37.32828686,-121.8317562
837,712040,CR-0000101126,0,0,0,0,23-200-0399,True,False,45.0,2023-10-26 12:38:00,No Pedestrians Involved,Dry,No Unusual Conditions,Daylight,Violation Driver 1,No Controls Present/Factor,Clear,Hit Object,Related,Fixed Object,Not Applicable,Not Applicable,South Of,LIGHTPOLE,True,False,126367,HILLSDALE AV,REGENCY AV/WOODMERE DR,37.28022559,-121.8582943
838,711800,CR-0000101328,0,0,0,0,23-338-0174,False,False,150.0,2023-12-04 07:33:00,No Pedestrians Involved,Dry,No Unusual Conditions,Daylight,Violation Driver 1,No Controls Present/Factor,Clear,Rear End,Non-Related,Other Vehicle,Not Applicable,Not Applicable,West Of,,True,False,126367,HILLSDALE AV,REGENCY AV/WOODMERE DR,37.28022559,-121.8582943
839,690785,CR-0000096923,0,0,0,0,23-021-0893,True,False,44.0,2023-01-21 23:30:00,No Pedestrians Involved,Dry,No Unusual Conditions,Daylight,Violation Driver 1,No Controls Present/Factor,Clear,Hit Object,Related,Fixed Object,Not Applicable,Not Applicable,West Of,LIGHT POLE,True,False,126367,HILLSDALE AV,REGENCY AV/WOODMERE DR,37.28022559,-121.8582943
841,695976,CR-0000099111,0,0,0,0,23-219-4008,False,True,51.0,2023-08-05 01:15:00,No Pedestrians Involved,Unknown,Unknown,Unknown,Unknown,Unknown,Unknown,Sideswipe,Non-Related,Parked Vehicle,Not Applicable,Not Applicable,South Of,,False,False,137170,REGENCY AV,TOWER HILL AV,37.2812982,-121.8579675
842,699237,CR-0000100559,0,0,0,0,23-182-4000,False,True,,2023-06-01 23:00:00,No Pedestrians Involved,Unknown,Unknown,Unknown,Unknown,Unknown,Unknown,Other,Related,Parked Vehicle,Not Applicable,Not Applicable,North Of,,False,False,23660,BRANHAM LN,HEPPNER LN/JOSEPH SPECIALE DR,37.26582088,-121.8633263
843,691044,CR-0000097216,2,0,0,0,23-053-0780,False,False,0.0,2023-02-22 18:56:00,No Pedestrians Involved,Dry,No Unusual Conditions,Dark - Street Light,Violation Driver 1,No Controls Present/Factor,Clear,Broadside,Intersection,Other Vehicle,Not Applicable,Not Applicable,At,,False,False,23660,BRANHAM LN,HEPPNER LN/JOSEPH SPECIALE DR,37.26582088,-121.8633263