,CrashFactId,Name,MinorInjuries,ModerateInjuries,SevereInjuries,FatalInjuries,TcrNumber,CityDamageFlag,ShortFormFlag,Distance,CrashDateTime,PedestrianAction,RoadwaySurface,RoadwayCondition,Lighting,PrimaryCollisionFactor,TrafficControl,Weather,CollisionType,ProximityToIntersection,VehicleInvolvedWith,PedestrianDirectionFrom,PedestrianDirectionTo,DirectionFromIntersection,Comment,SpeedingFlag,HitAndRunFlag,IntersectionNumber,AStreetName,BStreetName,Latitude,Longitude
1445,711772,CR-0000101198,0,0,0,0,23-307-9707,False,True,0.0,2023-11-03 13:07:00,No Pedestrians Involved,Dry,No Unusual Conditions,Unknown,Unknown,Unknown,Clear,Sideswipe,Intersection,Other Vehicle,Not Applicable,Not Applicable,At,,False,False,124200,SNELL AV,SNELL WY,37.24577935,-121.830451
1449,694480,CR-0000098474,0,2,0,0,23-184-0722,False,False,0.0,2023-07-04 17:32:00,No Pedestrians Involved,Dry,No Unusual Conditions,Daylight,Violation Driver 1,Controls Functioning,Clear,Broadside,Intersection,Other Vehicle,Not Applicable,Not Applicable,At,,False,False,92498,MONTAGUE EX,PLUMERIA DRRIVER OAKS PW,37.39709378,-121.9242377
1450,698700,CR-0000099949,1,0,0,0,23-333-0521,False,False,30.0,2023-11-19 14:21:00,No Pedestrians Involved,Dry,No Unusual Conditions,Daylight,Unknown,Controls Functioning,Clear,Rear End,Related,Other Vehicle,Not Applicable,Not Applicable,South Of,,False,True,92498,MONTAGUE EX,PLUMERIA DRRIVER OAKS PW,37.39709378,-121.9242377
1453,696466,CR-0000099643,1,0,0,0,23-311-0248,False,False,0.0,2023-11-07 08:58:00,No Pedestrians Involved,Dry,No Unusual Conditions,Daylight,Violation Driver 1,Controls Functioning,Clear,Head On,Intersection,Other Vehicle,Not Applicable,Not Applicable,At,,False,False,77945,JUNCTION AV,TRIMBLE RD,37.39116747,-121.9209257
1457,692542,CR-0000097833,1,0,0,0,23-094-0536,False,False,30.0,2023-04-04 13:46:00,No Pedestrians Involved,Dry,No Unusual Conditions,Daylight,Violation Driver 1,No Controls Present/Factor,Clear,Broadside,Related,Other Vehicle,Not Applicable,Not Applicable,West Of,,False,False,108679,SHENADO PL,WIGWAM CT,37.25891936,-121.8101969
1459,695873,CR-0000098938,0,0,0,0,23-106-0132,False,False,126.0,2023-04-16 02:29:00,No Pedestrians Involved,Dry,No Unusual Conditions,Dark - Street Light,Violation Driver 1,Controls Functioning,Clear,Sideswipe,Non-Related,Parked Vehicle,Not Applicable,Not Applicable,South Of,,False,True,19689,BLOSSOM AV,MOHICAN DR,37.24302226,-121.8397176
1468,692538,CR-0000097829,0,2,0,0,23-094-0239,False,False,51.0,2023-04-04 08:45:00,Not In Road,Dry,No Unusual Conditions,Daylight,Violation Driver 1,No Controls Present/Factor,Clear,Vehicle/Pedestrian,Non-Related,Pedestrian,Unknown,Unknown,Unknown,,True,True,106259,SAN FELIPE RD,SILVER CREEK RD,37.27297999,-121.744347
1469,696367,CR-0000099524,0,0,0,0,23-141-0913,False,False,185.0,2023-05-21 22:54:00,No Pedestrians Involved,Dry,Other,Dark - Street Light,Violation Driver 1,No Controls Present/Factor,Clear,Sideswipe,Non-Related,Parked Vehicle,Not Applicable,Not Applicable,East Of,,True,False,98977,PARK PAXTON PL,PARK VILLAGE PL,37.27022024,-121.8294728
1470,694099,CR-0000098034,0,1,0,0,23-109-0097,False,False,0.0,2023-04-18 05:03:00,No Pedestrians Involved,Wet,No Unusual Conditions,Dark - Street Light,Violation Driver 1,No Controls Present/Factor,Clear,Sideswipe,Intersection,Parked Vehicle,Not Applicable,Not Applicable,At,,True,False,98856,PARK ESSEX PL,PARK PAXTON PL,37.26975112,-121.828827
1473,695982,CR-0000099117,0,0,0,0,23-219-4000,False,True,0.0,2023-08-06 12:45:00,No Pedestrians Involved,Unknown,Unknown,Unknown,Unknown,Unknown,Unknown,Rear End,Intersection,Other Vehicle,Not Applicable,Not Applicable,At,,False,False,19580,BLOSSOM AV,CALERO AV,37.24204221,-121.8397063
1475,698683,CR-0000099921,0,1,1,0,23-240-1008,False,False,0.0,2023-08-28 22:56:00,Crossing - Not In Crosswalk,Dry,No Unusual Conditions,Dark - Street Light,Pedestrian At Fault,Unknown,Clear,Vehicle/Pedestrian,Intersection,Pedestrian,West,East,At,PED,False,False,94710,MURTHA DR,WHITE RD,37.3527347,-121.8160412
1476,712217,CR-0000101660,0,0,0,0,23-255-0075,False,False,45.0,2023-09-23 02:13:00,No Pedestrians Involved,Dry,No Unusual Conditions,Dark - Street Light,Violation Driver 1,Unknown,Clear,Head On,Related,Parked Vehicle,Not Applicable,Not Applicable,East Of,,False,False,94710,MURTHA DR,WHITE RD,37.3527347,-121.8160412
1479,699423,CR-0000100756,0,0,0,0,23-193-0883,False,False,115.0,2023-07-12 21:38:00,No Pedestrians Involved,Dry,No Unusual Conditions,Dark - Street Light,Violation Driver 1,No Controls Present/Factor,Clear,Sideswipe,Non-Related,Parked Vehicle,Not Applicable,Not Applicable,North Of,,True,True,10889,AVENIDA ALMENDROS,ENTRADA OLMOS,37.25593562,-121.8395339
1480,691029,CR-0000097201,0,0,1,0,23-058-0153,False,False,0.0,2023-02-27 09:36:00,No Pedestrians Involved,Wet,No Unusual Conditions,Unknown,Violation Driver 1,No Controls Present/Factor,Rain,Sideswipe,Intersection,Other Vehicle,Not Applicable,Not Applicable,At,,False,False,101188,PINON PL/PARK SOMMERS WY,SKYWAY DR,37.27055932,-121.8310571
1483,711778,CR-0000101444,0,0,0,0,23-337-0873,False,False,0.0,2023-12-03 23:32:00,No Pedestrians Involved,Dry,No Unusual Conditions,Dark - Street Light,Violation Driver 1,No Controls Present/Factor,Clear,Broadside,Intersection,Other Vehicle,Not Applicable,Not Applicable,At,,False,False,38499,CHESWICK DR,TUERS RD,37.30498728,-121.8351916
1486,699468,CR-0000100773,0,0,0,0,23-184-0057,False,False,505.0,2023-07-03 01:00:00,No Pedestrians Involved,Dry,No Unusual Conditions,Dark - Street Light,Violation Driver 1,No Controls Present/Factor,Clear,Rear End,Non-Related,Parked Vehicle,Not Applicable,Not Applicable,West Of,SJPD,True,False,64470,GARDEN AV,HAGA DR,37.28891047,-121.8369083
1487,696257,CR-0000099404,0,0,0,0,23-114-0567,False,False,300.0,2023-04-22 15:00:00,No Pedestrians Involved,Dry,No Unusual Conditions,Dark - Street Light,Violation Driver 1,No Controls Present/Factor,Clear,Head On,Non-Related,Parked Vehicle,Not Applicable,Not Applicable,East Of,,True,True,60906,FLANIGAN DR,MELISSA CT,37.31630581,-121.8270497
1488,697567,CR-0000099778,0,0,0,0,23-144-0215,False,False,186.0,2023-05-23 13:00:00,No Pedestrians Involved,Dry,No Unusual Conditions,Dark - Street Light,Violation Driver 1,Controls Functioning,Clear,Sideswipe,Non-Related,Parked Vehicle,Not Applicable,Not Applicable,East Of,,False,True,60906,FLANIGAN DR,MELISSA CT,37.31630581,-121.8270497
1489,696225,CR-0000099370,0,0,0,0,23-112-4002,False,True,51.0,2023-04-21 23:30:00,No Pedestrians Involved,Unknown,Unknown,Unknown,Unknown,Unknown,Unknown,Other,Non-Related,Parked Vehicle,Not Applicable,Not Applicable,Unknown,,False,False,40149,CLAYTON RD,MEADOW LN/STORY RD,37.36088477,-121.8121746
1490,699440,CR-0000100807,0,0,0,0,23-198-0708,False,False,0.0,2023-07-17 17:54:00,No Pedestrians Involved,Dry,No Unusual Conditions,Daylight,Violation Driver 1,No Controls Present/Factor,Clear,Sideswipe,Intersection,Parked Vehicle,Not Applicable,Not Applicable,At,,False,True,40149,CLAYTON RD,MEADOW LN/STORY RD,37.36088477,-121.8121746
1491,691225,CR-0000097448,0,1,0,0,23-050-0047,True,False,0.0,2023-02-19 01:00:00,No Pedestrians Involved,Dry,No Unusual Conditions,Dark - Street Light,Violation Driver 1,Controls Functioning,Clear,Hit Object,Intersection,Fixed Object,Not Applicable,Not Applicable,At,TREE,False,False,40149,CLAYTON RD,MEADOW LN/STORY RD,37.36088477,-121.8121746
1493,690739,CR-0000096876,0,0,0,0,23-020-0955,True,False,465.0,2023-01-20 18:49:00,No Pedestrians Involved,Dry,No Unusual Conditions,Dark - Street Light,Violation Driver 1,No Controls Present/Factor,Clear,Hit Object,Non-Related,Fixed Object,Not Applicable,Not Applicable,West Of,TREE,True,False,46683,CUNNINGHAM AV,JOHN MONTGOMERY DR/SWIFT AV,37.33742712,-121.8182595
1494,694568,CR-0000098592,0,0,0,0,23-201-0507,False,False,0.0,2023-07-20 14:20:00,No Pedestrians Involved,Dry,No Unusual Conditions,Daylight,Unknown,Controls Functioning,Clear,Sideswipe,Intersection,Other Vehicle,Not Applicable,Not Applicable,At,,False,True,23286,BRAHMS AV/KENESTA WY,TULLY RD,37.32478137,-121.8223266
1507,690824,CR-0000096963,0,0,0,0,23-003-0880,True,False,352.0,2023-01-03 22:21:00,No Pedestrians Involved,Dry,No Unusual Conditions,Dark - Street Light,Violation Driver 1,Controls Functioning,Clear,Hit Object,Non-Related,Fixed Object,Not Applicable,Not Applicable,North Of,TREE,True,False,94225,MT MCKINLEY DR,WHITE RD,37.34788891,-121.8116294
1508,694442,CR-0000098407,1,0,0,0,23-161-0667,False,False,160.0,2023-06-10 18:23:00,Crossing - Not In Crosswalk,Dry,No Unusual Conditions,Daylight,Pedestrian At Fault,No Controls Present/Factor,Clear,Vehicle/Pedestrian,Non-Related,Pedestrian,East,West,South Of,PED,False,False,100671,PICARDY PLACE CT,YERBA BUENA RD,37.29811155,-121.8053454
1511,690847,CR-0000096988,0,1,0,0,23-020-0892,False,False,51.0,2023-01-20 17:55:00,No Pedestrians Involved,Dry,No Unusual Conditions,Dusk - Dawn,Violation Driver 1,No Controls Present/Factor,Clear,Rear End,Non-Related,Other Vehicle,Not Applicable,Not Applicable,West Of,,True,False,81531,LANDESS AV,PIEDMONT RD,37.42201713,-121.861097
1512,691021,CR-0000097192,0,0,0,0,23-035-0762,False,False,78.0,2023-02-04 23:38:00,No Pedestrians Involved,Wet,No Unusual Conditions,Dark - Street Light,Violation Driver 1,No Controls Present/Factor,Rain,Rear End,Non-Related,Parked Vehicle,Not Applicable,Not Applicable,South Of,,True,True,81531,LANDESS AV,PIEDMONT RD,37.42201713,-121.861097
1518,696476,CR-0000099653,1,0,0,0,23-319-0367,False,False,50.0,2023-11-14 12:00:00,No Pedestrians Involved,Dry,No Unusual Conditions,Daylight,Violation Driver 1,Unknown,Clear,Rear End,Related,Other Vehicle,Not Applicable,Not Applicable,West Of,,True,True,108900,SIERRA RD,SIERRAVILLE AV,37.39518581,-121.8570093
1522,690907,CR-0000097070,0,0,0,0,23-045-0273,False,False,50.0,2023-02-14 04:50:00,No Pedestrians Involved,Dry,No Unusual Conditions,Dark - Street Light,Violation Driver 1,No Controls Present/Factor,Clear,Other,Related,Parked Vehicle,Not Applicable,Not Applicable,South Of,,True,True,121571,LINDSAY ANN TR/NEW BEDFORD CT,WILLIAMSPORT DR,37.38425482,-121.8826166
1523,692467,CR-0000097755,0,0,0,0,23-072-0774,False,False,190.0,2023-03-13 17:36:00,No Pedestrians Involved,Dry,No Unusual Conditions,Daylight,Violation Driver 1,Unknown,Clear,Hit Object,Non-Related,Fixed Object,Not Applicable,Not Applicable,West Of,,False,False,42350,COMMERCE DR,QUME DR,37.3945137,-121.8884233
1528,692490,CR-0000097778,0,0,0,0,23-074-0338,False,False,200.0,2023-03-15 10:34:00,No Pedestrians Involved,Dry,No Unusual Conditions,Daylight,Violation Driver 1,No Controls Present/Factor,Clear,Other,Non-Related,Parked Vehicle,Not Applicable,Not Applicable,East Of,,False,False,114333,FAULSTICH CT,OAKLAND RD,37.36952861,-121.892777
1529,696522,CR-0000099709,1,0,0,0,23-343-0239,False,False,111.0,2023-12-09 08:07:00,No Pedestrians Involved,Dry,No Unusual Conditions,Daylight,Violation Driver 1,Unknown,Clear,Sideswipe,Non-Related,Other Vehicle,Not Applicable,Not Applicable,South Of,,True,False,114333,FAULSTICH CT,OAKLAND RD,37.36952861,-121.892777
1534,690884,CR-0000097028,0,0,0,0,23-017-9703,False,False,51.0,2023-01-10 00:30:00,No Pedestrians Involved,Wet,No Unusual Conditions,Dark - Street Light,Unknown,No Controls Present/Factor,Rain,Sideswipe,Non-Related,Other Vehicle,Not Applicable,Not Applicable,West Of,,False,False,13012,BARBARA WY,KOCH LN,37.28245579,-121.8834384
1535,712267,CR-0000101723,0,0,0,0,23-010-4001,False,True,51.0,2023-01-10 12:10:00,No Pedestrians Involved,Unknown,Unknown,Unknown,Unknown,Unknown,Unknown,Other,Non-Related,Parked Vehicle,Not Applicable,Not Applicable,West Of,,False,False,13012,BARBARA WY,KOCH LN,37.28245579,-121.8834384
1537,694171,CR-0000098102,2,0,1,0,23-113-0008,False,False,0.0,2023-04-23 00:03:00,No Pedestrians Involved,Dry,No Unusual Conditions,Dark - Street Light,Violation Driver 1,Controls Functioning,Clear,Broadside,Intersection,Other Vehicle,Not Applicable,Not Applicable,At,,True,True,17600,BERRYESSA RD/SUNCREST AV,PIEDMONT RD,37.39657295,-121.845405
1541,694552,CR-0000098546,0,1,0,0,23-198-0755,True,False,40.0,2023-07-17 19:15:00,No Pedestrians Involved,Dry,No Unusual Conditions,Daylight,Violation Driver 1,Controls Functioning,Clear,Hit Object,Related,Fixed Object,Not Applicable,Not Applicable,West Of,CURB,False,False,109746,SOMERSET DR,SUNCREST AV,37.3968812,-121.8444383
1542,690839,CR-0000096978,0,1,0,0,23-017-0321,False,False,0.0,2023-01-17 10:46:00,No Pedestrians Involved,Dry,No Unusual Conditions,Daylight,Violation Driver 1,Controls Functioning,Clear,Vehicle/Bike,Intersection,Bike,Not Applicable,Not Applicable,At,BIKE,False,False,47860,CYPRESS AV,STEVENS CREEK BL,37.32327333,-121.9598033
1543,711741,CR-0000101011,0,0,0,0,23-246-0418,False,False,195.0,2023-09-03 13:26:00,No Pedestrians Involved,Dry,No Unusual Conditions,Daylight,Violation Driver 1,Controls Functioning,Clear,Sideswipe,Non-Related,Other Vehicle,Not Applicable,Not Applicable,West Of,,False,False,47860,CYPRESS AV,STEVENS CREEK BL,37.32327333,-121.9598033
1544,698997,CR-0000100301,1,0,0,0,23-317-0617,False,False,200.0,2023-11-13 16:10:00,No Pedestrians Involved,Dry,No Unusual Conditions,Daylight,Violation Driver 1,No Controls Present/Factor,Clear,Broadside,Non-Related,Other Vehicle,Not Applicable,Not Applicable,North Of,,False,False,14112,BASCOM AV,STOKES ST,37.30152341,-121.9317111
1545,699077,CR-0000100383,0,0,0,0,23-238-9707,False,True,0.0,2023-08-26 10:30:00,No Pedestrians Involved,Dry,Construction - Repair Zone,Daylight,Unknown,Unknown,Clear,Other,Intersection,Non-Collision,Not Applicable,Not Applicable,At,,False,False,14112,BASCOM AV,STOKES ST,37.30152341,-121.9317111
1546,712023,CR-0000101460,0,0,0,0,23-259-4000,False,True,51.0,2023-08-16 12:15:00,No Pedestrians Involved,Unknown,Unknown,Unknown,Unknown,Unknown,Unknown,Other,Non-Related,Other Vehicle,Not Applicable,Not Applicable,East Of,,False,False,14112,BASCOM AV,STOKES ST,37.30152341,-121.9317111
1548,697568,CR-0000099779,0,0,0,0,23-144-0667,False,False,71.0,2023-05-23 15:30:00,No Pedestrians Involved,Dry,No Unusual Conditions,Daylight,Violation Driver 1,No Controls Present/Factor,Clear,Hit Object,Non-Related,Other Object,Not Applicable,Not Applicable,South Of,Garbage Cans,True,True,131053,BENTLEY RIDGE DR,WOOD HOLLOW CT,37.28621988,-121.7747157
1549,711882,CR-0000101366,0,0,0,0,23-324-0106,True,False,534.0,2023-11-20 02:50:00,No Pedestrians Involved,Dry,No Unusual Conditions,Dark - Street Light,Violation Driver 1,No Controls Present/Factor,Clear,Hit Object,Non-Related,Fixed Object,Not Applicable,Not Applicable,West Of,FENCE,False,False,137741,CALLE DE ESTRELLA,PETTIGREW DR,37.31779644,-121.8053154
1554,696432,CR-0000099609,0,0,0,0,23-108-0873,False,False,54.0,2023-04-18 23:46:00,No Pedestrians Involved,Dry,No Unusual Conditions,Dark - Street Light,Violation Driver 1,Controls Functioning,Clear,Rear End,Non-Related,Other Vehicle,Not Applicable,Not Applicable,West Of,,False,True,123672,ALMA AV,LELONG AV,37.30959012,-121.8846722
1559,711730,CR-0000100843,0,0,0,0,23-184-0037,False,False,353.0,2023-07-03 00:37:00,No Pedestrians Involved,Dry,No Unusual Conditions,Dark - Street Light,Violation Driver 1,No Controls Present/Factor,Clear,Head On,Non-Related,Parked Vehicle,Not Applicable,Not Applicable,West Of,,False,False,50049,DELLWOOD WY,RIDGEWOOD DR,37.2479197,-121.8883129
1564,715834,CR-0000101759,0,0,0,0,23-013-9706,False,True,51.0,2023-01-06 08:55:00,No Pedestrians Involved,Dry,Other,Daylight,Unknown,Controls Functioning,Clear,Rear End,Non-Related,Other Vehicle,Not Applicable,Not Applicable,South Of,,False,False,109482,SIXTH ST,VIRGINIA ST,37.32659429,-121.8762239
1565,697605,CR-0000099814,0,0,0,0,23-252-0744,False,False,267.0,2023-09-09 19:28:00,No Pedestrians Involved,Dry,No Unusual Conditions,Dusk - Dawn,Violation Driver 1,No Controls Present/Factor,Clear,Rear End,Non-Related,Parked Vehicle,Not Applicable,Not Applicable,South Of,,False,False,88373,MARTHA ST,SIXTH ST,37.32514831,-121.8751516
1566,694741,CR-0000098742,1,0,0,0,23-240-0715,False,False,22.0,2023-08-30 16:33:00,Crossing In Crosswalk - Not At Intersection,Dry,No Unusual Conditions,Daylight,Violation Driver 1,No Controls Present/Factor,Clear,Vehicle/Pedestrian,Related,Pedestrian,North,South,East Of,PED,False,False,88373,MARTHA ST,SIXTH ST,37.32514831,-121.8751516
1567,695969,CR-0000099103,0,0,0,0,23-227-0501,False,False,68.0,2023-08-15 13:53:00,No Pedestrians Involved,Dry,No Unusual Conditions,Daylight,Violation Driver 1,No Controls Present/Factor,Clear,Sideswipe,Non-Related,Parked Vehicle,Not Applicable,Not Applicable,South Of,,False,True,59839,FIFTH ST,MARTHA ST,37.32463003,-121.8762341
1570,694609,CR-0000098642,3,1,0,0,23-205-0332,False,False,0.0,2023-07-24 10:55:00,No Pedestrians Involved,Dry,No Unusual Conditions,Daylight,Violation Driver 1,Unknown,Clear,Head On,Intersection,Other Vehicle,Not Applicable,Not Applicable,At,,False,False,60356,FIRST ST,MARTHA ST,37.32270574,-121.8802893
1571,690979,CR-0000097150,1,0,0,0,23-034-0384,False,False,0.0,2023-02-03 12:19:00,No Pedestrians Involved,Dry,No Unusual Conditions,Daylight,Violation Driver 1,Controls Functioning,Cloudy,Broadside,Intersection,Other Vehicle,Not Applicable,Not Applicable,At,,False,False,60356,FIRST ST,MARTHA ST,37.32270574,-121.8802893
1572,694366,CR-0000098310,0,1,1,0,23-164-0644,False,False,0.0,2023-06-13 17:05:00,No Pedestrians Involved,Dry,No Unusual Conditions,Daylight,Violation Driver 1,Controls Functioning,Clear,Broadside,Intersection,Motorcycle,Not Applicable,Not Applicable,At,,False,False,60356,FIRST ST,MARTHA ST,37.32270574,-121.8802893
1573,694233,CR-0000098130,1,0,0,0,23-128-0179,False,False,0.0,2023-05-08 08:08:00,Crossing In Crosswalk - At Intersection,Dry,No Unusual Conditions,Daylight,Violation Driver 1,Controls Functioning,Cloudy,Vehicle/Pedestrian,Intersection,Pedestrian,West,East,At,PED,False,False,60356,FIRST ST,MARTHA ST,37.32270574,-121.8802893
1574,694071,CR-0000097931,0,0,0,0,23-109-0639,False,False,0.0,2023-04-19 17:18:00,No Pedestrians Involved,Dry,No Unusual Conditions,Daylight,Violation Driver 1,No Controls Present/Factor,Clear,Sideswipe,Intersection,Parked Vehicle,Not Applicable,Not Applicable,At,,False,True,60356,FIRST ST,MARTHA ST,37.32270574,-121.8802893
1577,694466,CR-0000098431,1,1,0,0,23-145-0417,False,False,0.0,2023-05-25 12:29:00,No Pedestrians Involved,Dry,Unknown,Daylight,Violation Driver 1,No Controls Present/Factor,Clear,Broadside,Intersection,Other Vehicle,Not Applicable,Not Applicable,At,,False,False,111781,THIRD ST,VIRGINIA ST,37.32506462,-121.8794469
1578,690794,CR-0000096932,0,0,0,0,23-005-0660,True,False,0.0,2023-01-05 17:15:00,No Pedestrians Involved,Wet,No Unusual Conditions,Dark - Street Light,Violation Driver 1,Controls Functioning,Rain,Hit Object,Intersection,Fixed Object,Not Applicable,Not Applicable,At,Traffic Sign,True,False,111781,THIRD ST,VIRGINIA ST,37.32506462,-121.8794469
1579,711694,CR-0000101130,0,0,0,0,23-298-0482,False,False,0.0,2023-10-25 13:40:00,No Pedestrians Involved,Dry,No Unusual Conditions,Daylight,Violation Driver 1,Controls Functioning,Clear,Broadside,Intersection,Other Vehicle,Not Applicable,Not Applicable,At,,False,False,111781,THIRD ST,VIRGINIA ST,37.32506462,-121.8794469
1580,711617,CR-0000101272,0,0,0,0,23-204-9707,False,True,0.0,2023-07-23 14:55:00,No Pedestrians Involved,Dry,No Unusual Conditions,Daylight,Unknown,Controls Functioning,Clear,Sideswipe,Intersection,Other Vehicle,Not Applicable,Not Applicable,At,,False,False,111781,THIRD ST,VIRGINIA ST,37.32506462,-121.8794469
1588,698994,CR-0000100298,3,0,0,0,23-329-0378,False,False,0.0,2023-11-25 12:06:00,No Pedestrians Involved,Dry,No Unusual Conditions,Daylight,Violation Driver 1,Controls Functioning,Clear,Head On,Intersection,Other Vehicle,Not Applicable,Not Applicable,At,,False,False,60642,FIRST ST,ST JAMES ST,37.33910179,-121.892753
1589,690878,CR-0000097022,0,0,0,0,23-002-9708,False,True,0.0,2023-01-01 20:11:00,No Pedestrians Involved,Dry,No Unusual Conditions,Dark - Street Light,Unknown,No Controls Present/Factor,Clear,Sideswipe,Intersection,Other Vehicle,Not Applicable,Not Applicable,At,,False,False,60642,FIRST ST,ST JAMES ST,37.33910179,-121.892753
1591,715941,CR-0000101940,0,0,0,0,23-241-1047,False,False,0.0,2023-08-29 22:06:00,No Pedestrians Involved,Dry,No Unusual Conditions,Dark - Street Light,Violation Driver 1,Controls Functioning,Clear,Sideswipe,Intersection,Other Vehicle,Not Applicable,Not Applicable,At,,False,True,87988,MARKET ST,SANTA CLARA ST,37.33546553,-121.8920544
1592,711914,CR-0000101362,0,0,0,0,23-331-0471,False,False,44.0,2023-11-27 12:49:00,No Pedestrians Involved,Dry,No Unusual Conditions,Daylight,Violation Driver 1,No Controls Present/Factor,Clear,Sideswipe,Related,Parked Vehicle,Not Applicable,Not Applicable,North Of,,False,False,87988,MARKET ST,SANTA CLARA ST,37.33546553,-121.8920544
1593,712018,CR-0000101042,0,0,0,0,23-268-0005,False,False,98.0,2023-09-25 00:09:00,No Pedestrians Involved,Dry,No Unusual Conditions,Dark - Street Light,Unknown,Controls Functioning,Clear,Sideswipe,Non-Related,Parked Vehicle,Not Applicable,Not Applicable,South Of,,False,True,87988,MARKET ST,SANTA CLARA ST,37.33546553,-121.8920544
1596,699151,CR-0000100468,0,0,0,0,23-162-0129,False,False,0.0,2023-06-11 02:27:00,No Pedestrians Involved,Dry,No Unusual Conditions,Dark - Street Light,Violation Driver 1,Controls Functioning,Clear,Rear End,Intersection,Other Vehicle,Not Applicable,Not Applicable,At,,False,False,87988,MARKET ST,SANTA CLARA ST,37.33546553,-121.8920544
1597,698685,CR-0000099925,1,0,0,0,23-217-9705,False,True,0.0,2023-08-03 20:43:00,No Pedestrians Involved,Dry,No Unusual Conditions,Dark - Street Light,Unknown,Controls Functioning,Clear,Sideswipe,Intersection,Motorcycle,Not Applicable,Not Applicable,At,,False,False,87988,MARKET ST,SANTA CLARA ST,37.33546553,-121.8920544
1598,711635,CR-0000101175,0,0,0,0,23-318-9704,False,True,0.0,2023-11-14 10:30:00,No Pedestrians Involved,Dry,No Unusual Conditions,Daylight,Unknown,No Controls Present/Factor,Clear,Rear End,Intersection,Other Vehicle,Not Applicable,Not Applicable,At,,False,False,87988,MARKET ST,SANTA CLARA ST,37.33546553,-121.8920544
1599,699407,CR-0000100739,0,0,0,0,23-141-0831,False,False,105.0,2023-05-21 21:25:00,No Pedestrians Involved,Dry,No Unusual Conditions,Dark - Street Light,Violation Driver 1,Controls Functioning,Clear,Rear End,Non-Related,Parked Vehicle,Not Applicable,Not Applicable,North Of,,False,True,87988,MARKET ST,SANTA CLARA ST,37.33546553,-121.8920544
1600,694749,CR-0000098795,0,1,0,0,23-243-0628,False,False,257.0,2023-08-31 15:30:00,No Pedestrians Involved,Dry,No Unusual Conditions,Daylight,Violation Driver 1,No Controls Present/Factor,Clear,Sideswipe,Non-Related,Parked Vehicle,Not Applicable,Not Applicable,North Of,,True,False,87988,MARKET ST,SANTA CLARA ST,37.33546553,-121.8920544
1601,694790,CR-0000098828,1,0,0,0,23-217-0716,False,False,0.0,2023-08-05 20:01:00,No Pedestrians Involved,Dry,No Unusual Conditions,Dark - Street Light,Unknown,Controls Functioning,Clear,Rear End,Intersection,Other Vehicle,Not Applicable,Not Applicable,At,,False,False,87988,MARKET ST,SANTA CLARA ST,37.33546553,-121.8920544
1602,696438,CR-0000099615,0,0,0,0,23-109-0382,False,False,10.0,2023-04-19 12:30:00,No Pedestrians Involved,Dry,No Unusual Conditions,Daylight,Violation Driver 1,No Controls Present/Factor,Clear,Sideswipe,Related,Other Vehicle,Not Applicable,Not Applicable,East Of,,False,False,87988,MARKET ST,SANTA CLARA ST,37.33546553,-121.8920544
1611,711948,CR-0000100892,0,0,0,0,23-205-9707,False,True,51.0,2023-07-22 21:16:00,No Pedestrians Involved,Unknown,Unknown,Unknown,Unknown,Unknown,Unknown,Other,Non-Related,Parked Vehicle,Not Applicable,Not Applicable,North Of,,False,False,87933,MARKET ST,POST ST,37.33459071,-121.8914045
1612,712264,CR-0000101719,0,0,0,0,23-006-4001,False,True,51.0,2023-01-06 14:10:00,No Pedestrians Involved,Unknown,Unknown,Unknown,Unknown,Unknown,Unknown,Sideswipe,Non-Related,Other Vehicle,Not Applicable,Not Applicable,Unknown,,False,False,87933,MARKET ST,POST ST,37.33459071,-121.8914045
1615,717412,CR-0000102425,0,0,0,0,24-001-4007,False,True,51.0,2023-12-31 22:30:00,No Pedestrians Involved,Unknown,Unknown,Unknown,Unknown,Unknown,Unknown,Other,Non-Related,Parked Vehicle,Not Applicable,Not Applicable,South Of,,False,False,77758,JULIAN ST,THIRD ST,37.34154945,-121.8917189
1618,699051,CR-0000100357,1,0,0,0,23-214-9704,False,True,0.0,2023-07-31 19:38:00,No Pedestrians Involved,Dry,No Unusual Conditions,Daylight,Unknown,Controls Functioning,Clear,Broadside,Intersection,Other Vehicle,Not Applicable,Not Applicable,At,,False,False,77758,JULIAN ST,THIRD ST,37.34154945,-121.8917189
1619,692471,CR-0000097759,0,0,0,0,23-073-0901,False,True,0.0,2023-03-14 20:30:00,No Pedestrians Involved,Unknown,Unknown,Unknown,Unknown,Unknown,Unknown,Broadside,Intersection,Other Vehicle,Not Applicable,Not Applicable,At,,False,False,77758,JULIAN ST,THIRD ST,37.34154945,-121.8917189
1620,699334,CR-0000100661,0,0,0,0,23-156-4001,False,True,,2023-06-05 10:05:00,No Pedestrians Involved,Unknown,Unknown,Unknown,Unknown,Unknown,Unknown,Rear End,Related,Unknown,Not Applicable,Not Applicable,South Of,,False,False,60708,FIRST ST,VIRGINIA ST,37.32405739,-121.8815439
1621,694630,CR-0000098663,0,1,0,0,23-209-1039,False,False,0.0,2023-07-28 23:37:00,No Pedestrians Involved,Dry,No Unusual Conditions,Dark - Street Light,Violation Driver 1,Controls Functioning,Clear,Head On,Intersection,Other Vehicle,Not Applicable,Not Applicable,At,,False,False,60708,FIRST ST,VIRGINIA ST,37.32405739,-121.8815439