,CrashFactId,Name,MinorInjuries,ModerateInjuries,SevereInjuries,FatalInjuries,TcrNumber,CityDamageFlag,ShortFormFlag,Distance,CrashDateTime,PedestrianAction,RoadwaySurface,RoadwayCondition,Lighting,PrimaryCollisionFactor,TrafficControl,Weather,CollisionType,ProximityToIntersection,VehicleInvolvedWith,PedestrianDirectionFrom,PedestrianDirectionTo,DirectionFromIntersection,Comment,SpeedingFlag,HitAndRunFlag,IntersectionNumber,AStreetName,BStreetName,Latitude,Longitude
3126,694474,CR-0000098439,1,0,0,0,23-140-0536,False,False,0.0,2023-05-20 15:46:00,No Pedestrians Involved,Dry,No Unusual Conditions,Daylight,Violation Driver 1,No Controls Present/Factor,Clear,Broadside,Intersection,Other Vehicle,Not Applicable,Not Applicable,At,,False,False,100539,PHELAN AV,SEVENTH ST,37.3137575,-121.8652461
3127,691101,CR-0000097283,1,0,0,0,23-057-0522,False,False,291.0,2023-02-26 15:33:00,No Pedestrians Involved,Wet,No Unusual Conditions,Daylight,Violation Driver 1,Unknown,Rain,Broadside,Non-Related,Other Vehicle,Not Applicable,Not Applicable,West Of,,False,False,100539,PHELAN AV,SEVENTH ST,37.3137575,-121.8652461
3128,695956,CR-0000099089,0,0,0,0,23-218-0975,False,False,137.0,2023-08-06 22:46:00,No Pedestrians Involved,Dry,No Unusual Conditions,Dark - Street Light,Violation Driver 1,Controls Functioning,Clear,Sideswipe,Non-Related,Parked Vehicle,Not Applicable,Not Applicable,North Of,,False,True,100539,PHELAN AV,SEVENTH ST,37.3137575,-121.8652461
3129,695904,CR-0000099032,0,0,0,0,23-217-9703,False,True,0.0,2023-08-04 17:12:00,No Pedestrians Involved,Dry,No Unusual Conditions,Daylight,Unknown,Controls Functioning,Clear,Sideswipe,Intersection,Other Vehicle,Not Applicable,Not Applicable,At,,False,False,100539,PHELAN AV,SEVENTH ST,37.3137575,-121.8652461
3137,712216,CR-0000101659,0,0,0,0,23-256-1024,True,False,122.0,2023-09-13 23:49:00,No Pedestrians Involved,Dry,No Unusual Conditions,Dark - Street Light,Violation Driver 1,Controls Functioning,Clear,Hit Object,Non-Related,Fixed Object,Not Applicable,Not Applicable,North Of,LIGHT POLE,False,True,100539,PHELAN AV,SEVENTH ST,37.3137575,-121.8652461
3138,715997,CR-0000101867,0,0,0,0,23-145-4001,False,True,51.0,2023-05-23 12:45:00,No Pedestrians Involved,Unknown,Unknown,Unknown,Unknown,Unknown,Unknown,Sideswipe,Non-Related,Other Vehicle,Not Applicable,Not Applicable,West Of,,False,True,100539,PHELAN AV,SEVENTH ST,37.3137575,-121.8652461
3142,696097,CR-0000099235,1,0,0,0,23-107-0183,False,False,0.0,2023-04-17 08:03:00,No Pedestrians Involved,Dry,No Unusual Conditions,Daylight,Violation Driver 1,Unknown,Clear,Sideswipe,Intersection,Other Vehicle,Not Applicable,Not Applicable,At,,False,False,30205,CAMDEN AV,MT CARMEL DR,37.22159635,-121.8508819
3146,699132,CR-0000100448,0,0,0,0,23-175-0042,False,False,264.0,2023-06-24 00:47:00,No Pedestrians Involved,Dry,No Unusual Conditions,Dark - Street Light,Violation Driver 1,No Controls Present/Factor,Clear,Sideswipe,Non-Related,Parked Vehicle,Not Applicable,Not Applicable,North Of,,True,True,98119,PACHECO DR,WEBSTER DR,37.37194752,-121.8556924
3156,699330,CR-0000100657,0,0,0,0,23-175-4000,False,True,0.0,2023-06-24 01:35:00,No Pedestrians Involved,Unknown,Unknown,Unknown,Unknown,Unknown,Unknown,Broadside,Intersection,Other Vehicle,Not Applicable,Not Applicable,At,,False,False,55747,ELEVENTH ST,KEYES ST,37.32474523,-121.8677353
3157,711572,CR-0000100879,2,0,0,0,23-307-0296,False,False,0.0,2023-11-03 10:08:00,No Pedestrians Involved,Dry,No Unusual Conditions,Daylight,Violation Driver 1,Controls Functioning,Clear,Broadside,Intersection,Other Vehicle,Not Applicable,Not Applicable,At,,False,False,55747,ELEVENTH ST,KEYES ST,37.32474523,-121.8677353
3158,694681,CR-0000098715,2,0,0,0,23-222-0450,True,False,0.0,2023-08-10 13:12:00,No Pedestrians Involved,Dry,No Unusual Conditions,Daylight,Violation Driver 1,Controls Functioning,Clear,Broadside,Intersection,Other Vehicle,Not Applicable,Not Applicable,At,light pole,False,True,55747,ELEVENTH ST,KEYES ST,37.32474523,-121.8677353
3159,696314,CR-0000099470,1,0,0,0,23-277-0312,False,False,0.0,2023-10-04 10:49:00,No Pedestrians Involved,Dry,No Unusual Conditions,Daylight,Violation Driver 1,Controls Functioning,Clear,Broadside,Intersection,Motor Vehicle On Other Roadway,Not Applicable,Not Applicable,At,,False,False,55747,ELEVENTH ST,KEYES ST,37.32474523,-121.8677353
3160,696295,CR-0000099451,0,1,0,0,23-287-0835,False,False,0.0,2023-10-14 20:04:00,No Pedestrians Involved,Dry,No Unusual Conditions,Dark - Street Light,Violation Driver 1,Controls Functioning,Clear,Vehicle/Bike,Intersection,Bike,Not Applicable,Not Applicable,At,BIKE,False,False,55747,ELEVENTH ST,KEYES ST,37.32474523,-121.8677353
3161,691163,CR-0000097365,1,0,1,0,23-051-0510,False,False,0.0,2023-02-20 14:27:00,No Pedestrians Involved,Dry,No Unusual Conditions,Daylight,Violation Driver 1,Controls Functioning,Clear,Broadside,Intersection,Other Vehicle,Not Applicable,Not Applicable,At,,False,False,55747,ELEVENTH ST,KEYES ST,37.32474523,-121.8677353
3162,692439,CR-0000097723,1,0,0,0,23-084-9705,False,True,,2023-03-24 14:28:00,No Pedestrians Involved,Unknown,No Unusual Conditions,Daylight,Unknown,Controls Functioning,Clear,Rear End,Related,Other Vehicle,Not Applicable,Not Applicable,East Of,,False,False,55747,ELEVENTH ST,KEYES ST,37.32474523,-121.8677353
3163,694291,CR-0000098199,0,1,0,0,23-144-0705,False,False,0.0,2023-05-24 16:24:00,No Pedestrians Involved,Dry,No Unusual Conditions,Daylight,Unknown,Controls Functioning,Clear,Vehicle/Bike,Intersection,Bike,Not Applicable,Not Applicable,At,BIKE,False,False,55747,ELEVENTH ST,KEYES ST,37.32474523,-121.8677353
3164,694159,CR-0000097893,2,1,0,0,23-118-0699,False,False,0.0,2023-04-28 18:17:00,No Pedestrians Involved,Dry,No Unusual Conditions,Daylight,Violation Driver 1,Controls Functioning,Clear,Broadside,Intersection,Other Vehicle,Not Applicable,Not Applicable,At,,True,False,55747,ELEVENTH ST,KEYES ST,37.32474523,-121.8677353
3168,711962,CR-0000100948,0,0,0,0,23-197-4007,False,True,0.0,2023-07-07 11:45:00,No Pedestrians Involved,Unknown,Unknown,Unknown,Unknown,Unknown,Unknown,Sideswipe,Intersection,Other Vehicle,Not Applicable,Not Applicable,At,,False,False,55747,ELEVENTH ST,KEYES ST,37.32474523,-121.8677353
3173,698746,CR-0000099998,0,0,1,0,23-250-0746,False,False,0.0,2023-09-17 20:09:00,Crossing In Crosswalk - At Intersection,Dry,No Unusual Conditions,Dark - Street Light,Violation Driver 1,No Controls Present/Factor,Clear,Vehicle/Pedestrian,Intersection,Pedestrian,East,West,At,PED,False,False,29688,CAMDEN AV,CHARMERAN AV/OAKWOOD AV,37.25870929,-121.9170105
3176,694259,CR-0000098024,1,0,0,0,23-104-0588,False,False,0.0,2023-04-14 17:00:00,No Pedestrians Involved,Dry,No Unusual Conditions,Daylight,Violation Driver 1,Controls Functioning,Clear,Rear End,Intersection,Other Vehicle,Not Applicable,Not Applicable,At,,True,False,20932,BLUEFIELD DR/COPPERFIELD DR,CAPITOL EX,37.27451913,-121.8546429
3177,691045,CR-0000097218,1,0,0,0,23-057-0682,False,False,103.0,2023-02-26 18:33:00,No Pedestrians Involved,Wet,No Unusual Conditions,Dark - Street Light,Violation Driver 1,Controls Functioning,Rain,Rear End,Non-Related,Other Vehicle,Not Applicable,Not Applicable,East Of,,True,False,20932,BLUEFIELD DR/COPPERFIELD DR,CAPITOL EX,37.27451913,-121.8546429
3178,698724,CR-0000099973,0,0,0,1,23-330-0039,False,False,,2023-11-26 00:35:00,In Road - Includes Shoulder,Dry,No Unusual Conditions,Dark - Street Light,Violation Driver 1,Controls Functioning,Clear,Vehicle/Pedestrian,Related,Pedestrian,North,South,East Of,PED,False,True,20932,BLUEFIELD DR/COPPERFIELD DR,CAPITOL EX,37.27451913,-121.8546429
3179,698667,CR-0000099893,0,1,0,0,23-222-0743,False,False,436.0,2023-09-10 18:49:00,No Pedestrians Involved,Dry,No Unusual Conditions,Daylight,Violation Driver 1,Unknown,Clear,Broadside,Non-Related,Other Vehicle,Not Applicable,Not Applicable,East Of,,False,False,20932,BLUEFIELD DR/COPPERFIELD DR,CAPITOL EX,37.27451913,-121.8546429
3180,694628,CR-0000098661,1,0,0,0,23-208-0792,False,False,0.0,2023-07-27 18:46:00,No Pedestrians Involved,Dry,No Unusual Conditions,Daylight,Violation Driver 1,Controls Functioning,Clear,Vehicle/Bike,Intersection,Scooter Motorized,Not Applicable,Not Applicable,At,E. SCOOTER,False,False,20932,BLUEFIELD DR/COPPERFIELD DR,CAPITOL EX,37.27451913,-121.8546429
3189,694316,CR-0000098260,1,0,0,0,23-180-0639,False,False,260.0,2023-06-29 17:08:00,No Pedestrians Involved,Dry,No Unusual Conditions,Daylight,Bike At Fault,No Controls Present/Factor,Clear,Vehicle/Bike,Non-Related,Bike,Not Applicable,Not Applicable,East Of,BIKE,False,False,31492,CANOAS GARDEN AV,CAROL DR/SANDS DR,37.28975002,-121.8716255
3190,696191,CR-0000099335,0,0,0,0,23-100-4000,False,True,51.0,2023-04-09 22:15:00,No Pedestrians Involved,Unknown,Unknown,Unknown,Unknown,Unknown,Unknown,Other,Non-Related,Parked Vehicle,Not Applicable,Not Applicable,West Of,,False,False,48245,DANA AV,SHASTA AV,37.32696835,-121.9210933
3195,699144,CR-0000100460,0,0,0,0,23-176-0912,True,False,0.0,2023-06-25 22:33:00,No Pedestrians Involved,Dry,No Unusual Conditions,Dark - Street Light,Violation Driver 1,No Controls Present/Factor,Clear,Hit Object,Intersection,Fixed Object,Not Applicable,Not Applicable,At,SIGN,False,False,106226,SAN CARLOS ST,WILLARD AV,37.32345959,-121.9172867
3197,711701,CR-0000101277,0,0,0,0,23-205-9706,False,True,,2023-07-23 18:10:00,No Pedestrians Involved,Unknown,Unknown,Daylight,Unknown,Unknown,Clear,Other,Related,Parked Vehicle,Not Applicable,Not Applicable,Unknown,,False,False,106413,SAN FERNANDO ST,THIRTY FOURTH ST,37.35034001,-121.8560759
3198,694703,CR-0000098738,1,1,0,0,23-223-0696,False,False,62.0,2023-08-11 17:47:00,No Pedestrians Involved,Dry,No Unusual Conditions,Daylight,Violation Driver 1,No Controls Present/Factor,Clear,Rear End,Non-Related,Parked Vehicle,Not Applicable,Not Applicable,South Of,,False,False,106413,SAN FERNANDO ST,THIRTY FOURTH ST,37.35034001,-121.8560759
3202,696474,CR-0000099651,1,0,0,0,23-322-0061,False,False,33.0,2023-11-18 01:16:00,No Pedestrians Involved,Dry,No Unusual Conditions,Dark - Street Light,Violation Driver 1,Unknown,Clear,Sideswipe,Related,Parked Vehicle,Not Applicable,Not Applicable,East Of,,True,False,105940,SAN ANTONIO ST,THIRTY FOURTH ST,37.34879827,-121.8549221
3203,692443,CR-0000097727,0,0,0,0,23-084-0051,False,False,26.0,2023-03-25 01:15:00,No Pedestrians Involved,Dry,No Unusual Conditions,Dark - Street Light,Violation Driver 1,No Controls Present/Factor,Clear,Sideswipe,Related,Parked Vehicle,Not Applicable,Not Applicable,East Of,,False,False,105940,SAN ANTONIO ST,THIRTY FOURTH ST,37.34879827,-121.8549221
3204,691017,CR-0000097189,0,0,0,0,23-051-0004,False,False,258.0,2023-02-20 00:04:00,No Pedestrians Involved,Dry,No Unusual Conditions,Unknown,Violation Driver 1,No Controls Present/Factor,Clear,Head On,Non-Related,Parked Vehicle,Not Applicable,Not Applicable,West Of,,True,True,105940,SAN ANTONIO ST,THIRTY FOURTH ST,37.34879827,-121.8549221
3206,712009,CR-0000101479,0,0,0,0,23-254-4000,False,True,51.0,2023-09-11 12:00:00,No Pedestrians Involved,Unknown,Unknown,Unknown,Unknown,Unknown,Unknown,Other,Non-Related,Parked Vehicle,Not Applicable,Not Applicable,North Of,,False,False,105940,SAN ANTONIO ST,THIRTY FOURTH ST,37.34879827,-121.8549221
3207,715936,CR-0000101910,0,0,0,0,23-322-0083,False,False,26.0,2023-11-18 01:16:00,No Pedestrians Involved,Wet,No Unusual Conditions,Dark - Street Light,Violation Driver 1,Controls Functioning,Cloudy,Rear End,Related,Other Vehicle,Not Applicable,Not Applicable,East Of,,True,False,105940,SAN ANTONIO ST,THIRTY FOURTH ST,37.34879827,-121.8549221
3208,699146,CR-0000100463,0,0,0,0,23-155-0026,False,False,128.0,2023-06-04 00:21:00,No Pedestrians Involved,Dry,No Unusual Conditions,Dark - No Street Light,Violation Driver 1,No Controls Present/Factor,Clear,Sideswipe,Non-Related,Parked Vehicle,Not Applicable,Not Applicable,South Of,,True,True,106424,SAN FERNANDO ST,THIRTY THIRD ST,37.34952439,-121.8577941
3213,696548,CR-0000099744,0,0,1,0,23-355-0098,False,False,,2023-12-21 04:31:00,Crossing - Not In Crosswalk,Unknown,No Unusual Conditions,Dark - Street Light,Violation Driver 1,No Controls Present/Factor,Clear,Vehicle/Pedestrian,Related,Pedestrian,East,West,Unknown,PED,True,True,111858,THIRTY FIRST ST,WHITTON ST,37.34794198,-121.8589321
3214,711634,CR-0000101317,0,0,0,0,23-336-0521,False,False,128.0,2023-12-02 02:46:00,No Pedestrians Involved,Dry,No Unusual Conditions,Dark - Street Light,Violation Driver 1,No Controls Present/Factor,Clear,Sideswipe,Non-Related,Parked Vehicle,Not Applicable,Not Applicable,North Of,,False,True,111891,THIRTY THIRD ST,WHITTON ST,37.34875263,-121.8572176
3215,699209,CR-0000100530,0,1,0,0,23-163-0945,False,False,243.0,2023-06-12 23:06:00,No Pedestrians Involved,Dry,No Unusual Conditions,Dark - Street Light,Violation Driver 1,No Controls Present/Factor,Clear,Sideswipe,Non-Related,Parked Vehicle,Not Applicable,Not Applicable,East Of,,False,True,112573,TWENTY EIGHTH ST,WHITTON ST,37.34630949,-121.8623634
3216,691008,CR-0000097179,0,0,0,0,23-044-0810,False,False,44.0,2023-02-13 20:28:00,No Pedestrians Involved,Dry,No Unusual Conditions,Dark - Street Light,Violation Driver 1,No Controls Present/Factor,Clear,Rear End,Related,Parked Vehicle,Not Applicable,Not Applicable,North Of,,False,False,112573,TWENTY EIGHTH ST,WHITTON ST,37.34630949,-121.8623634
3217,694270,CR-0000098183,0,1,0,0,23-138-0854,False,False,0.0,2023-05-18 18:25:00,No Pedestrians Involved,Dry,No Unusual Conditions,Daylight,Violation Driver 1,No Controls Present/Factor,Clear,Broadside,Intersection,Other Vehicle,Not Applicable,Not Applicable,At,,False,False,112573,TWENTY EIGHTH ST,WHITTON ST,37.34630949,-121.8623634
3221,691341,CR-0000097588,0,0,1,0,23-077-0031,False,False,0.0,2023-03-18 01:00:00,No Pedestrians Involved,Dry,No Unusual Conditions,Dark - Street Light,Bike At Fault,No Controls Present/Factor,Clear,Vehicle/Bike,Intersection,Bike,Not Applicable,Not Applicable,At,BIKE,False,True,137191,LAUREL GROVE LN,PARK AV,37.32617735,-121.9047957
3222,690519,CR-0000096649,0,3,0,0,23-028-0547,False,False,0.0,2023-01-28 15:57:00,No Pedestrians Involved,Dry,No Unusual Conditions,Daylight,Violation Driver 1,No Controls Present/Factor,Clear,Broadside,Intersection,Other Vehicle,Not Applicable,Not Applicable,At,,False,False,106336,SAN FERNANDO ST,SIXTEENTH ST,37.34160344,-121.8739357
3223,692466,CR-0000097754,1,0,0,0,23-072-0838,False,False,0.0,2023-03-13 18:44:00,No Pedestrians Involved,Dry,No Unusual Conditions,Daylight,Bike At Fault,No Controls Present/Factor,Clear,Vehicle/Bike,Intersection,Bike,Not Applicable,Not Applicable,At,,False,False,105874,SAN ANTONIO ST,SIXTEENTH ST,37.34015863,-121.8728559
3224,698958,CR-0000100260,1,0,0,0,23-312-0658,False,False,0.0,2023-11-08 17:30:00,No Pedestrians Involved,Dry,No Unusual Conditions,Dark - No Street Light,Violation Driver 1,Controls Functioning,Clear,Head On,Intersection,Other Vehicle,Not Applicable,Not Applicable,At,,False,False,107084,SANTA CLARA ST,SIXTEENTH ST,37.34342051,-121.8752888
3227,692524,CR-0000097816,0,0,0,0,23-077-4002,False,True,51.0,2023-03-16 20:00:00,No Pedestrians Involved,Unknown,Unknown,Unknown,Unknown,Unknown,Unknown,Sideswipe,Non-Related,Parked Vehicle,Not Applicable,Not Applicable,North Of,,False,False,59663,FIFTEENTH ST,SAN ANTONIO ST,37.33971577,-121.8737929
3228,690578,CR-0000096699,1,0,0,0,23-026-0673,False,False,110.0,2023-01-26 17:22:00,No Pedestrians Involved,Dry,No Unusual Conditions,Dusk - Dawn,Violation Driver 1,No Controls Present/Factor,Clear,Rear End,Non-Related,Other Vehicle,Not Applicable,Not Applicable,East Of,,True,False,91629,MINNESOTA AV,NEWPORT AV,37.30173516,-121.901278
3233,691249,CR-0000097474,1,0,0,0,23-032-0580,False,False,0.0,2023-02-01 15:29:00,No Pedestrians Involved,Dry,No Unusual Conditions,Daylight,Violation Driver 1,No Controls Present/Factor,Clear,Rear End,Intersection,Other Vehicle,Not Applicable,Not Applicable,At,,True,False,84039,LINCOLN AV,PAULA ST,37.31416658,-121.9054134
3234,696226,CR-0000099371,0,0,0,0,23-112-4001,False,True,51.0,2023-04-21 23:00:00,No Pedestrians Involved,Unknown,Unknown,Unknown,Unknown,Unknown,Unknown,Other,Non-Related,Parked Vehicle,Not Applicable,Not Applicable,East Of,,False,False,40534,CLINTONIA AV,COE AV,37.31444046,-121.8994933
3236,715907,CR-0000101917,0,0,0,0,23-353-0051,False,False,20.0,2023-12-19 01:30:00,No Pedestrians Involved,Dry,No Unusual Conditions,Dark - Street Light,Violation Driver 1,Controls Functioning,Clear,Sideswipe,Related,Parked Vehicle,Not Applicable,Not Applicable,North Of,,False,False,50170,DELMAS AV,SNYDER AV,37.31343614,-121.8933253
3239,691274,CR-0000097519,0,0,0,0,23-051-4001,False,True,51.0,2023-02-17 17:15:00,No Pedestrians Involved,Unknown,Unknown,Unknown,Unknown,Unknown,Unknown,Rear End,Non-Related,Parked Vehicle,Not Applicable,Not Applicable,West Of,,False,False,88000,MARKET ST,ST JOHN ST,37.33717127,-121.8933309
3240,694198,CR-0000098077,0,0,0,0,23-077-0035,False,False,126.0,2023-03-18 00:45:00,No Pedestrians Involved,Dry,No Unusual Conditions,Dark - Street Light,Violation Driver 1,No Controls Present/Factor,Clear,Sideswipe,Non-Related,Parked Vehicle,Not Applicable,Not Applicable,South Of,,True,False,88000,MARKET ST,ST JOHN ST,37.33717127,-121.8933309
3245,712088,CR-0000101325,0,0,0,0,23-345-9706,False,True,0.0,2023-12-08 23:00:00,No Pedestrians Involved,Dry,No Unusual Conditions,Dark - Street Light,Unknown,Controls Functioning,Clear,Sideswipe,Intersection,Other Vehicle,Not Applicable,Not Applicable,At,,False,False,88000,MARKET ST,ST JOHN ST,37.33717127,-121.8933309
3251,690673,CR-0000096807,0,0,0,0,23-018-0460,False,False,0.0,2023-01-18 13:23:00,No Pedestrians Involved,Dry,No Unusual Conditions,Daylight,Violation Driver 1,Controls Functioning,Clear,Rear End,Intersection,Parked Vehicle,Not Applicable,Not Applicable,At,,False,True,59861,FIFTH ST,REED ST,37.32910052,-121.8795645
3252,695862,CR-0000098927,0,0,0,0,23-097-0362,False,False,52.0,2023-04-07 12:16:00,No Pedestrians Involved,Dry,No Unusual Conditions,Daylight,Violation Driver 1,Controls Functioning,Clear,Rear End,Non-Related,Other Vehicle,Not Applicable,Not Applicable,East Of,,False,False,59861,FIFTH ST,REED ST,37.32910052,-121.8795645
3256,691230,CR-0000097454,0,0,0,0,23-052-0041,False,False,216.0,2023-02-21 01:10:00,No Pedestrians Involved,Dry,No Unusual Conditions,Dark - Street Light,Violation Driver 1,No Controls Present/Factor,Clear,Rear End,Non-Related,Parked Vehicle,Not Applicable,Not Applicable,South Of,,False,False,103432,REED ST,SIXTH ST,37.32962065,-121.8784817
3257,696089,CR-0000099224,3,2,0,0,23-116-0476,True,False,0.0,2023-04-26 14:03:00,No Pedestrians Involved,Dry,No Unusual Conditions,Daylight,Violation Driver 1,Controls Functioning,Clear,Broadside,Intersection,Other Vehicle,Not Applicable,Not Applicable,At,"Curb, Light pole, Sign",False,False,103432,REED ST,SIXTH ST,37.32962065,-121.8784817
3258,696294,CR-0000099450,0,1,0,0,23-287-0965,False,False,0.0,2023-10-14 22:07:00,No Pedestrians Involved,Dry,No Unusual Conditions,Dark - Street Light,Violation Driver 1,No Controls Present/Factor,Clear,Other,Intersection,Non-Collision,Not Applicable,Not Applicable,At,,True,False,103432,REED ST,SIXTH ST,37.32962065,-121.8784817
3259,694373,CR-0000098317,1,0,0,0,23-165-0631,False,False,51.0,2023-06-14 16:46:00,No Pedestrians Involved,Dry,No Unusual Conditions,Daylight,Violation Driver 1,Controls Functioning,Clear,Rear End,Non-Related,Other Vehicle,Not Applicable,Not Applicable,North Of,,False,False,56847,EMPIRE ST,FOURTH ST,37.34630706,-121.8938446
3263,699235,CR-0000100557,0,0,0,0,23-182-4005,False,True,0.0,2023-06-28 18:30:00,No Pedestrians Involved,Unknown,Unknown,Unknown,Unknown,Unknown,Unknown,Broadside,Intersection,Other Vehicle,Not Applicable,Not Applicable,At,,False,False,110505,ST JOHN ST,THIRTY THIRD ST,37.352514,-121.8604106
3264,711558,CR-0000101527,0,0,0,0,23-362-0207,False,False,50.0,2023-12-28 08:49:00,No Pedestrians Involved,Dry,No Unusual Conditions,Daylight,Violation Driver 1,No Controls Present/Factor,Cloudy,Rear End,Related,Other Vehicle,Not Applicable,Not Applicable,East Of,,True,True,110351,ST JAMES ST,THIRTY THIRD ST,37.35445715,-121.8623015
3271,715840,CR-0000101930,0,0,0,0,23-223-0208,False,False,,2023-08-11 08:37:00,No Pedestrians Involved,Dry,No Unusual Conditions,Daylight,Violation Driver 1,No Controls Present/Factor,Clear,Rear End,Related,Other Vehicle,Not Applicable,Not Applicable,East Of,,True,False,108371,SEVENTH ST,TAYLOR ST,37.35211974,-121.8938229
3278,699327,CR-0000100654,0,0,0,0,23-180-4002,False,True,51.0,2023-06-28 09:30:00,No Pedestrians Involved,Unknown,Unknown,Unknown,Unknown,Unknown,Unknown,Other,Non-Related,Parked Vehicle,Not Applicable,Not Applicable,East Of,,False,False,51303,DOBBIN DR,KING RD,37.36467001,-121.8672787
3290,696477,CR-0000099654,0,1,0,0,23-305-0192,False,False,8.0,2023-11-01 07:40:00,No Pedestrians Involved,Dry,No Unusual Conditions,Daylight,Violation Driver 1,Controls Functioning,Clear,Broadside,Related,Other Vehicle,Not Applicable,Not Applicable,North Of,,False,False,83930,LINCOLN AV,MINNESOTA AV,37.30361564,-121.8973115
3291,694595,CR-0000098619,1,0,0,0,23-203-0663,False,False,24.0,2023-07-22 18:50:00,Crossing In Crosswalk - At Intersection,Dry,No Unusual Conditions,Daylight,Violation Driver 1,Controls Functioning,Clear,Vehicle/Pedestrian,Related,Pedestrian,South,North,West Of,PED,False,False,83930,LINCOLN AV,MINNESOTA AV,37.30361564,-121.8973115
3292,694507,CR-0000098501,0,1,0,0,23-176-0140,True,False,0.0,2023-06-25 02:35:00,No Pedestrians Involved,Dry,No Unusual Conditions,Dark - Street Light,Violation Driver 1,Controls Functioning,Clear,Hit Object,Intersection,Fixed Object,Not Applicable,Not Applicable,At,SIGNAL POLE,False,False,83930,LINCOLN AV,MINNESOTA AV,37.30361564,-121.8973115
3295,690947,CR-0000097117,1,0,0,0,23-032-0406,False,False,0.0,2023-02-01 12:00:00,No Pedestrians Involved,Dry,No Unusual Conditions,Daylight,Violation Driver 1,Controls Functioning,Clear,Rear End,Intersection,Other Vehicle,Not Applicable,Not Applicable,At,,False,False,83930,LINCOLN AV,MINNESOTA AV,37.30361564,-121.8973115
3299,697583,CR-0000099796,0,0,1,0,23-270-0668,False,False,0.0,2023-09-27 16:36:00,Crossing - Not In Crosswalk,Dry,No Unusual Conditions,Daylight,Violation Driver 1,No Controls Present/Factor,Clear,Vehicle/Pedestrian,Intersection,Pedestrian,South,North,At,PED,False,False,47200,CURTISS AV,MINNESOTA AV,37.30611671,-121.8931913
3300,694353,CR-0000098297,0,1,0,0,23-162-0667,False,False,225.0,2023-06-11 18:30:00,No Pedestrians Involved,Dry,No Unusual Conditions,Daylight,Violation Driver 1,No Controls Present/Factor,Clear,Broadside,Non-Related,Parked Vehicle,Not Applicable,Not Applicable,South Of,,False,False,80728,KOTENBERG AV,LONGLEY AV,37.30659796,-121.8953573
3301,690776,CR-0000096914,0,0,0,0,23-008-0530,False,False,500.0,2023-01-08 16:37:00,No Pedestrians Involved,Wet,No Unusual Conditions,Dark - Street Light Not Functioning,Violation Driver 1,Controls Functioning,Rain,Sideswipe,Non-Related,Parked Vehicle,Not Applicable,Not Applicable,East Of,,False,False,79441,KING RD,MABURY RD,37.3668084,-121.8693652
3302,696238,CR-0000099384,0,1,0,0,23-155-0700,False,False,90.0,2023-06-04 18:44:00,No Pedestrians Involved,Dry,No Unusual Conditions,Daylight,Violation Driver 1,Controls Functioning,Clear,Rear End,Non-Related,Other Vehicle,Not Applicable,Not Applicable,West Of,,True,True,79441,KING RD,MABURY RD,37.3668084,-121.8693652
3303,711833,CR-0000101180,0,0,0,0,23-307-9702,False,True,51.0,2023-11-03 08:05:00,No Pedestrians Involved,Unknown,Unknown,Unknown,Unknown,Unknown,Unknown,Sideswipe,Non-Related,Other Vehicle,Not Applicable,Not Applicable,Unknown,,False,False,79441,KING RD,MABURY RD,37.3668084,-121.8693652
3304,698884,CR-0000100180,1,0,0,0,23-305-0857,False,False,0.0,2023-11-01 19:36:00,No Pedestrians Involved,Dry,No Unusual Conditions,Dark - Street Light,Violation Driver 1,Controls Functioning,Clear,Broadside,Intersection,Other Vehicle,Not Applicable,Not Applicable,At,,False,True,79441,KING RD,MABURY RD,37.3668084,-121.8693652
3305,698858,CR-0000100141,1,0,0,0,23-349-9706,False,True,0.0,2023-12-05 19:30:00,No Pedestrians Involved,Dry,No Unusual Conditions,Dark - Street Light,Unknown,Controls Functioning,Clear,Rear End,Intersection,Other Vehicle,Not Applicable,Not Applicable,At,,False,False,79441,KING RD,MABURY RD,37.3668084,-121.8693652
3309,712015,CR-0000101485,0,0,0,0,23-258-9705,False,True,51.0,2023-09-15 06:00:00,No Pedestrians Involved,Dry,No Unusual Conditions,Dark - Street Light,Unknown,No Controls Present/Factor,Clear,Head On,Non-Related,Parked Vehicle,Not Applicable,Not Applicable,Unknown,,False,False,15080,BAYSHORE WEST,HEDDING ST,37.36194607,-121.8859766
3310,690989,CR-0000097160,1,0,0,0,23-034-0148,False,False,0.0,2023-02-03 05:56:00,No Pedestrians Involved,Wet,No Unusual Conditions,Dark - Street Light,Violation Driver 1,No Controls Present/Factor,Rain,Vehicle/Bike,Intersection,Bike,Not Applicable,Not Applicable,At,,False,False,15080,BAYSHORE WEST,HEDDING ST,37.36194607,-121.8859766
3312,699246,CR-0000100568,0,0,0,0,23-168-0598,False,False,63.0,2023-06-17 17:46:00,No Pedestrians Involved,Dry,No Unusual Conditions,Daylight,Violation Driver 1,No Controls Present/Factor,Clear,Rear End,Non-Related,Parked Vehicle,Not Applicable,Not Applicable,East Of,,True,True,84644,LOCHRIDGE DR,SCHULTE DR,37.36144868,-121.862171