,CrashFactId,Name,MinorInjuries,ModerateInjuries,SevereInjuries,FatalInjuries,TcrNumber,CityDamageFlag,ShortFormFlag,Distance,CrashDateTime,PedestrianAction,RoadwaySurface,RoadwayCondition,Lighting,PrimaryCollisionFactor,TrafficControl,Weather,CollisionType,ProximityToIntersection,VehicleInvolvedWith,PedestrianDirectionFrom,PedestrianDirectionTo,DirectionFromIntersection,Comment,SpeedingFlag,HitAndRunFlag,IntersectionNumber,AStreetName,BStreetName,Latitude,Longitude
4081,694309,CR-0000098244,0,0,0,1,23-246-0132,False,False,90.0,2023-09-02 21:00:00,Not In Road,Dry,No Unusual Conditions,Dark - Street Light,Violation Driver 1,No Controls Present/Factor,Clear,Vehicle/Pedestrian,Non-Related,Pedestrian,No Direction (Not Walking),No Direction (Not Walking),South Of,PED,False,False,113255,WALGROVE WY,WINCHESTER BL,37.30643317,-121.9500061
4083,711982,CR-0000101561,0,0,0,0,23-337-0243,True,False,241.0,2023-12-03 07:48:00,No Pedestrians Involved,Dry,No Unusual Conditions,Daylight,Violation Driver 1,Controls Functioning,Fog,Hit Object,Non-Related,Fixed Object,Not Applicable,Not Applicable,South Of,LIGHTPOLE,False,False,113255,WALGROVE WY,WINCHESTER BL,37.30643317,-121.9500061
4084,712230,CR-0000101673,0,0,0,0,23-320-0819,False,False,138.0,2023-11-16 20:58:00,No Pedestrians Involved,Dry,No Unusual Conditions,Dark - Street Light,Violation Driver 1,No Controls Present/Factor,Cloudy,Rear End,Non-Related,Other Vehicle,Not Applicable,Not Applicable,East Of,,True,True,113255,WALGROVE WY,WINCHESTER BL,37.30643317,-121.9500061
4088,715875,CR-0000101811,0,0,0,0,23-134-4004,False,True,,2023-05-13 21:30:00,No Pedestrians Involved,Unknown,Unknown,Unknown,Unknown,Unknown,Unknown,Other,Related,Parked Vehicle,Not Applicable,Not Applicable,Unknown,,False,False,102981,RANKIN AV,SAN PEDRO ST,37.34498817,-121.9002374
4091,694304,CR-0000098212,0,1,0,1,23-223-0655,False,False,0.0,2023-08-11 17:02:00,No Pedestrians Involved,Dry,No Unusual Conditions,Daylight,Violation Driver 1,No Controls Present/Factor,Clear,Head On,Intersection,Other Vehicle,Not Applicable,Not Applicable,At,,False,False,17621,BERRYESSA RD,SABAL DR,37.39364953,-121.8492614
4103,690916,CR-0000097079,0,0,0,0,23-039-0871,False,False,0.0,2023-02-08 22:30:00,No Pedestrians Involved,Dry,No Unusual Conditions,Dark - Street Light,Violation Driver 1,Controls Functioning,Clear,Broadside,Intersection,Other Vehicle,Not Applicable,Not Applicable,At,,False,False,2562,ALAMEDA,NAGLEE AV/TAYLOR ST,37.33758415,-121.9192726
4104,694062,CR-0000098005,1,0,0,0,23-105-0496,False,False,0.0,2023-04-15 14:28:00,No Pedestrians Involved,Dry,No Unusual Conditions,Daylight,Violation Driver 1,Controls Functioning,Clear,Vehicle/Bike,Intersection,Bike,Not Applicable,Not Applicable,At,BICYCLIST,False,False,2562,ALAMEDA,NAGLEE AV/TAYLOR ST,37.33758415,-121.9192726
4105,691371,CR-0000097620,0,0,0,0,23-061-0896,False,False,190.0,2023-03-02 21:26:00,No Pedestrians Involved,Dry,No Unusual Conditions,Dark - Street Light,Violation Driver 1,Controls Functioning,Clear,Hit Object,Non-Related,Fixed Object,Not Applicable,Not Applicable,West Of,"""Speed-limit"" Sign",False,True,2562,ALAMEDA,NAGLEE AV/TAYLOR ST,37.33758415,-121.9192726
4106,711704,CR-0000101346,0,0,0,0,23-252-0930,False,False,32.0,2023-09-09 22:06:00,No Pedestrians Involved,Dry,No Unusual Conditions,Dark - Street Light,Violation Driver 1,No Controls Present/Factor,Clear,Sideswipe,Related,Parked Vehicle,Not Applicable,Not Applicable,South Of,,False,True,99109,PARKMOOR AV,SINCLAIR FR,37.31710979,-121.918709
4109,694394,CR-0000098339,1,0,0,0,23-168-0788,False,False,0.0,2023-06-17 20:48:00,No Pedestrians Involved,Dry,No Unusual Conditions,Dark - Street Light,Violation Driver 1,No Controls Present/Factor,Clear,Broadside,Intersection,Other Vehicle,Not Applicable,Not Applicable,At,,False,False,90474,MENKER AV,PARKMOOR AV,37.31720424,-121.9216311
4112,699442,CR-0000100787,0,0,0,0,23-204-0635,False,False,55.0,2023-07-23 14:23:00,No Pedestrians Involved,Dry,No Unusual Conditions,Daylight,Violation Driver 1,No Controls Present/Factor,Clear,Sideswipe,Non-Related,Parked Vehicle,Not Applicable,Not Applicable,South Of,,True,True,112298,TRIPP AV,TWENTY SIXTH ST,37.35305229,-121.8712096
4113,696503,CR-0000099690,1,0,0,0,23-335-0234,False,False,0.0,2023-12-01 14:22:00,No Pedestrians Involved,Dry,No Unusual Conditions,Daylight,Violation Driver 1,No Controls Present/Factor,Cloudy,Vehicle/Bike,Intersection,Scooter Motorized,Not Applicable,Not Applicable,At,E.SCOOTER,False,False,77846,JULIAN ST,TWENTY SIXTH ST,37.35192066,-121.8698722
4119,717422,CR-0000102436,0,0,0,0,23-048-4004,False,True,,2023-02-15 11:15:00,No Pedestrians Involved,Unknown,Unknown,Unknown,Unknown,Unknown,Unknown,Rear End,Related,Parked Vehicle,Not Applicable,Not Applicable,East Of,,False,False,77835,JULIAN ST,TWENTY SEVENTH ST,37.35238315,-121.8689227
4121,696021,CR-0000099156,0,0,0,0,23-208-0693,False,False,0.0,2023-07-27 18:47:00,No Pedestrians Involved,Dry,No Unusual Conditions,Daylight,Violation Driver 1,No Controls Present/Factor,Clear,Rear End,Intersection,Parked Vehicle,Not Applicable,Not Applicable,At,,False,True,77835,JULIAN ST,TWENTY SEVENTH ST,37.35238315,-121.8689227
4122,698809,CR-0000100091,2,0,0,0,23-249-0543,False,False,102.0,2023-09-06 15:30:00,No Pedestrians Involved,Dry,No Unusual Conditions,Daylight,Unknown,No Controls Present/Factor,Clear,Rear End,Non-Related,Other Vehicle,Not Applicable,Not Applicable,West Of,,True,False,77802,JULIAN ST,TWENTY FIFTH ST,37.35137877,-121.870676
4123,691311,CR-0000097556,1,0,0,0,23-012-0593,False,False,0.0,2023-01-12 15:18:00,No Pedestrians Involved,Dry,No Unusual Conditions,Daylight,Bike At Fault,Controls Functioning,Cloudy,Vehicle/Bike,Intersection,Bike,Not Applicable,Not Applicable,At,BIKE,False,False,77802,JULIAN ST,TWENTY FIFTH ST,37.35137877,-121.870676
4127,715998,CR-0000101770,0,0,0,0,23-022-4003,False,True,51.0,2023-01-14 12:15:00,No Pedestrians Involved,Unknown,Unknown,Unknown,Unknown,Unknown,Unknown,Rear End,Non-Related,Other Vehicle,Not Applicable,Not Applicable,South Of,,False,False,68683,GREENTREE WY,WINCHESTER BL,37.30573535,-121.9500209
4130,691231,CR-0000097455,0,0,0,0,23-052-0357,False,False,98.0,2023-02-21 11:58:00,No Pedestrians Involved,Dry,No Unusual Conditions,Daylight,Violation Driver 1,No Controls Present/Factor,Clear,Rear End,Non-Related,Parked Vehicle,Not Applicable,Not Applicable,South Of,,True,True,32141,CAPISTRANO AV,CASA BLANCA DR,37.32056079,-121.9886866
4131,696192,CR-0000099336,0,0,0,0,23-099-0892,False,False,376.0,2023-04-09 22:41:00,No Pedestrians Involved,Dry,No Unusual Conditions,Dark - Street Light,Violation Driver 1,No Controls Present/Factor,Clear,Head On,Non-Related,Parked Vehicle,Not Applicable,Not Applicable,East Of,,False,False,2947,ALBANY DR,LOPINA WY,37.32142158,-121.9785958
4132,696395,CR-0000099572,0,0,0,0,23-159-0033,False,False,340.0,2023-05-29 00:39:00,No Pedestrians Involved,Dry,No Unusual Conditions,Dark - Street Light,Violation Driver 1,No Controls Present/Factor,Clear,Sideswipe,Non-Related,Parked Vehicle,Not Applicable,Not Applicable,West Of,,True,False,2947,ALBANY DR,LOPINA WY,37.32142158,-121.9785958
4136,695830,CR-0000098895,0,0,0,0,23-097-4003,True,False,51.0,2023-04-04 21:50:00,No Pedestrians Involved,Unknown,Unknown,Unknown,Unknown,Unknown,Unknown,Hit Object,Non-Related,Fixed Object,Not Applicable,Not Applicable,Unknown,TREE,False,False,114102,CALLE ARTIS/CLUB DR,OAKLAND RD,37.39674863,-121.9021918
4137,692411,CR-0000097694,0,0,0,0,23-080-4000,False,True,,2023-03-21 07:00:00,No Pedestrians Involved,Unknown,Unknown,Unknown,Unknown,Unknown,Unknown,Rear End,Related,Other Vehicle,Not Applicable,Not Applicable,Unknown,,False,False,114102,CALLE ARTIS/CLUB DR,OAKLAND RD,37.39674863,-121.9021918
4138,699206,CR-0000100527,0,0,0,0,23-154-0917,False,False,142.0,2023-06-03 21:54:00,No Pedestrians Involved,Dry,No Unusual Conditions,Dark - Street Light,Violation Driver 1,Unknown,Clear,Sideswipe,Non-Related,Parked Vehicle,Not Applicable,Not Applicable,East Of,,False,False,91332,MILLBROOK DR,REMINGTON WY,37.32311732,-121.7888986
4148,699167,CR-0000100486,0,0,0,0,23-178-0336,False,False,96.0,2023-06-27 10:50:00,No Pedestrians Involved,Dry,No Unusual Conditions,Daylight,Violation Driver 1,No Controls Present/Factor,Clear,Other,Non-Related,Other Vehicle,Not Applicable,Not Applicable,South Of,,False,True,6181,ALUM ROCK AV,SUNSET AV,37.35581219,-121.8491892
4149,696065,CR-0000099200,0,0,0,0,23-021-4005,False,True,0.0,2023-01-21 08:40:00,No Pedestrians Involved,Unknown,Unknown,Unknown,Unknown,Unknown,Unknown,Sideswipe,Intersection,Other Vehicle,Not Applicable,Not Applicable,At,,False,False,6181,ALUM ROCK AV,SUNSET AV,37.35581219,-121.8491892
4150,694671,CR-0000098705,0,0,0,0,23-227-0145,False,False,0.0,2023-08-15 04:47:00,No Pedestrians Involved,Dry,No Unusual Conditions,Dark - Street Light,Violation Driver 1,Controls Functioning,Clear,Hit Object,Intersection,Fixed Object,Not Applicable,Not Applicable,At,CURB,True,False,6181,ALUM ROCK AV,SUNSET AV,37.35581219,-121.8491892
4151,694417,CR-0000098371,1,0,0,0,23-156-0427,False,False,,2023-06-05 11:56:00,No Pedestrians Involved,Dry,No Unusual Conditions,Daylight,Violation Driver 1,Controls Functioning,Clear,Rear End,Non-Related,Other Vehicle,Not Applicable,Not Applicable,West Of,,True,False,6181,ALUM ROCK AV,SUNSET AV,37.35581219,-121.8491892
4152,694314,CR-0000098258,0,0,0,0,23-178-0661,False,False,0.0,2023-06-27 16:43:00,No Pedestrians Involved,Dry,No Unusual Conditions,Daylight,Violation Driver 1,Controls Functioning,Clear,Broadside,Intersection,Other Vehicle,Not Applicable,Not Applicable,At,,True,False,6181,ALUM ROCK AV,SUNSET AV,37.35581219,-121.8491892
4153,694228,CR-0000098086,1,0,0,0,23-066-0606,False,False,0.0,2023-03-07 16:15:00,No Pedestrians Involved,Dry,No Unusual Conditions,Daylight,Violation Driver 1,Controls Functioning,Clear,Broadside,Intersection,Other Vehicle,Not Applicable,Not Applicable,At,,False,False,6181,ALUM ROCK AV,SUNSET AV,37.35581219,-121.8491892
4155,690585,CR-0000096706,0,0,0,0,23-029-0028,False,False,330.0,2023-01-29 00:23:00,No Pedestrians Involved,Dry,No Unusual Conditions,Dark - Street Light,Violation Driver 1,No Controls Present/Factor,Clear,Rear End,Non-Related,Parked Vehicle,Not Applicable,Not Applicable,North Of,,True,True,6181,ALUM ROCK AV,SUNSET AV,37.35581219,-121.8491892
4157,694144,CR-0000097976,1,0,0,0,23-079-0761,False,False,22.0,2023-03-20 18:59:00,No Pedestrians Involved,Dry,No Unusual Conditions,Daylight,Violation Driver 1,Unknown,Clear,Hit Object,Related,Fixed Object,Not Applicable,Not Applicable,South Of,,True,False,52513,DRY CREEK RD,HICKS AV,37.29057181,-121.9029845
4159,715810,CR-0000101848,0,0,0,0,23-094-9703,False,True,0.0,2023-03-15 12:14:00,No Pedestrians Involved,Dry,No Unusual Conditions,Daylight,Violation Driver 1,No Controls Present/Factor,Clear,Rear End,Intersection,Parked Vehicle,Not Applicable,Not Applicable,At,,False,True,143989,KOCHER DR,MONTEMAR WY,37.29057653,-121.9146311
4163,697612,CR-0000099819,1,0,0,0,23-302-0403,False,False,219.0,2023-10-29 11:08:00,No Pedestrians Involved,Dry,Construction - Repair Zone,Daylight,Violation Driver 1,Unknown,Clear,Sideswipe,Non-Related,Parked Vehicle,Not Applicable,Not Applicable,South Of,,False,False,49081,DE MARIETTA AV,LEIGH AV,37.30318602,-121.9228915
4164,711846,CR-0000101589,0,0,0,0,23-347-4003,False,True,51.0,2023-12-10 11:15:00,No Pedestrians Involved,Unknown,Unknown,Unknown,Unknown,Unknown,Unknown,Other,Non-Related,Parked Vehicle,Not Applicable,Not Applicable,West Of,,False,False,99846,PEDRO ST,RACE ST,37.31288209,-121.9109378
4167,712236,CR-0000101680,0,0,0,0,23-135-0955,True,False,39.0,2023-05-15 20:55:00,No Pedestrians Involved,Dry,No Unusual Conditions,Dark - Street Light,Violation Driver 1,No Controls Present/Factor,Clear,Hit Object,Related,Fixed Object,Not Applicable,Not Applicable,South Of,TREE,True,False,126389,SANDPEBBLE DR,VISTAPARK DR,37.27885375,-121.8542721
4169,696117,CR-0000099258,0,0,0,0,23-232-0874,False,False,0.0,2023-08-20 19:55:00,No Pedestrians Involved,Dry,No Unusual Conditions,Dark - Street Light,Violation Driver 1,No Controls Present/Factor,Clear,Rear End,Intersection,Parked Vehicle,Not Applicable,Not Applicable,At,,True,True,48652,DARRYL DR,GLEASON AV,37.29753986,-121.9635343
4171,696568,CR-0000099765,0,1,0,0,23-258-0820,False,False,285.0,2023-09-15 09:00:00,No Pedestrians Involved,Dry,No Unusual Conditions,Daylight,Violation Driver 1,Unknown,Clear,Vehicle/Bike,Non-Related,Bike,Not Applicable,Not Applicable,West Of,BIKE,False,True,69190,GULLO AV/WILLIAMS RD,MOORPARK AV,37.30950397,-121.9934127
4172,691271,CR-0000097516,0,0,0,0,23-058-9705,False,True,0.0,2023-02-22 15:00:00,No Pedestrians Involved,Dry,No Unusual Conditions,Daylight,Unknown,Controls Functioning,Unknown,Rear End,Intersection,Other Vehicle,Not Applicable,Not Applicable,At,,False,False,69190,GULLO AV/WILLIAMS RD,MOORPARK AV,37.30950397,-121.9934127
4179,696403,CR-0000099579,0,0,0,0,23-150-4001,False,True,51.0,2023-05-30 08:30:00,No Pedestrians Involved,Unknown,Unknown,Daylight,Unknown,Unknown,Unknown,Rear End,Non-Related,Parked Vehicle,Not Applicable,Not Applicable,East Of,,False,False,76009,JACKSON AV,MABURY RD,37.37399369,-121.8587279
4180,694731,CR-0000098741,2,0,0,0,23-221-0484,False,False,27.0,2023-08-09 14:20:00,No Pedestrians Involved,Dry,No Unusual Conditions,Daylight,Violation Driver 1,Controls Functioning,Clear,Rear End,Related,Other Vehicle,Not Applicable,Not Applicable,West Of,,False,False,76009,JACKSON AV,MABURY RD,37.37399369,-121.8587279
4181,711535,CR-0000101182,0,0,0,0,23-334-9701,False,True,51.0,2023-11-26 11:01:00,No Pedestrians Involved,Unknown,Unknown,Dark - Street Light,Unknown,Unknown,Unknown,Broadside,Non-Related,Other Vehicle,Not Applicable,Not Applicable,South Of,,False,False,17456,BERRYESSA RD,FLICKINGER AV/JACKSON AV,37.37976768,-121.8673571
4182,698944,CR-0000100246,0,1,0,0,23-322-0393,False,False,0.0,2023-11-18 11:31:00,No Pedestrians Involved,Dry,No Unusual Conditions,Daylight,Violation Driver 1,Controls Functioning,Clear,Broadside,Intersection,Other Vehicle,Not Applicable,Not Applicable,At,,False,False,17456,BERRYESSA RD,FLICKINGER AV/JACKSON AV,37.37976768,-121.8673571
4185,690726,CR-0000096863,1,0,0,0,23-053-0096,False,False,,2023-02-22 04:13:00,No Pedestrians Involved,Dry,No Unusual Conditions,Dark - Street Light,Violation Driver 1,Controls Functioning,Clear,Head On,Related,Other Vehicle,Not Applicable,Not Applicable,North Of,,True,True,17456,BERRYESSA RD,FLICKINGER AV/JACKSON AV,37.37976768,-121.8673571
4186,694184,CR-0000098117,2,0,0,0,23-124-0222,False,False,0.0,2023-05-04 09:28:00,No Pedestrians Involved,Dry,No Unusual Conditions,Daylight,Other Than Driver,Controls Not Functioning,Clear,Broadside,Intersection,Other Vehicle,Not Applicable,Not Applicable,At,,False,False,17456,BERRYESSA RD,FLICKINGER AV/JACKSON AV,37.37976768,-121.8673571
4202,699338,CR-0000100665,0,0,0,0,23-158-4002,False,True,0.0,2023-06-07 08:20:00,No Pedestrians Involved,Unknown,Unknown,Unknown,Unknown,Unknown,Unknown,Broadside,Intersection,Other Vehicle,Not Applicable,Not Applicable,At,,False,False,20130,BLOSSOM HILL RD,HOFFMAN CT,37.24910693,-121.8809667
4204,696043,CR-0000099178,0,0,0,0,23-211-0453,False,False,25.0,2023-07-30 12:56:00,No Pedestrians Involved,Dry,No Unusual Conditions,Daylight,Violation Driver 1,No Controls Present/Factor,Clear,Hit Object,Related,Fixed Object,Not Applicable,Not Applicable,South Of,TREE,True,True,88153,MARQUETTE DR,PRINCETON DR,37.24408726,-121.8931375
4207,715972,CR-0000101856,0,0,0,0,23-136-0012,True,False,0.0,2023-05-16 00:07:00,No Pedestrians Involved,Dry,No Unusual Conditions,Dark - No Street Light,Violation Driver 1,Controls Functioning,Clear,Broadside,Intersection,Other Vehicle,Not Applicable,Not Applicable,At,,False,False,90639,MERIDIAN AV,PARKMOOR AV,37.31663415,-121.9143526
4208,712061,CR-0000101043,0,0,0,0,23-267-0812,False,False,0.0,2023-09-24 22:31:00,No Pedestrians Involved,Dry,No Unusual Conditions,Dark - Street Light,Violation Driver 1,Controls Functioning,Clear,Broadside,Intersection,Other Vehicle,Not Applicable,Not Applicable,At,,False,False,90639,MERIDIAN AV,PARKMOOR AV,37.31663415,-121.9143526
4220,690579,CR-0000096700,1,0,0,0,23-024-0881,False,False,45.0,2023-01-24 20:02:00,No Pedestrians Involved,Dry,No Unusual Conditions,Dark - Street Light,Violation Driver 1,Controls Functioning,Clear,Rear End,Related,Other Vehicle,Not Applicable,Not Applicable,East Of,,True,False,31503,CANOAS GARDEN AV,CURTNER AV,37.29301733,-121.8746016
4221,690904,CR-0000097067,0,0,0,0,23-056-0072,False,False,42.0,2023-02-25 02:03:00,No Pedestrians Involved,Dry,No Unusual Conditions,Dark - Street Light,Violation Driver 1,Controls Functioning,Clear,Rear End,Related,Other Vehicle,Not Applicable,Not Applicable,West Of,,False,True,31503,CANOAS GARDEN AV,CURTNER AV,37.29301733,-121.8746016
4222,699284,CR-0000100609,0,0,0,0,23-153-4008,False,True,0.0,2023-06-02 19:25:00,No Pedestrians Involved,Unknown,Unknown,Unknown,Unknown,Unknown,Unknown,Other,Intersection,Unknown,Not Applicable,Not Applicable,At,,False,False,31503,CANOAS GARDEN AV,CURTNER AV,37.29301733,-121.8746016
4229,711589,CR-0000101031,0,0,0,0,23-254-0957,False,False,,2023-09-11 18:01:00,No Pedestrians Involved,Dry,No Unusual Conditions,Daylight,Violation Driver 1,No Controls Present/Factor,Clear,Rear End,Related,Parked Vehicle,Not Applicable,Not Applicable,East Of,,False,True,81476,LANCELOT LN,STORY RD,37.35872192,-121.8153429
4230,696189,CR-0000099333,0,0,0,0,23-099-0078,True,False,28.0,2023-04-09 01:25:00,No Pedestrians Involved,Dry,No Unusual Conditions,Dark - Street Light,Violation Driver 1,Controls Functioning,Clear,Hit Object,Related,Fixed Object,Not Applicable,Not Applicable,East Of,"Cross Walk Signal
SignX2",False,False,81476,LANCELOT LN,STORY RD,37.35872192,-121.8153429
4231,694227,CR-0000097980,0,0,0,1,23-225-0180,False,False,0.0,2023-08-13 05:14:00,No Pedestrians Involved,Dry,No Unusual Conditions,Dark - Street Light,Unknown,Controls Functioning,Clear,Hit Object,Intersection,Fixed Object,Not Applicable,Not Applicable,At,,False,False,81476,LANCELOT LN,STORY RD,37.35872192,-121.8153429
4232,692462,CR-0000097750,1,0,0,0,23-084-0423,False,False,75.0,2023-03-25 14:36:00,No Pedestrians Involved,Dry,No Unusual Conditions,Daylight,Violation Driver 1,Controls Functioning,Clear,Rear End,Non-Related,Other Vehicle,Not Applicable,Not Applicable,South Of,,True,True,113530,WHITE RD,WOODHAVEN DR,37.35929637,-121.8220241
4233,694663,CR-0000098696,1,0,0,0,23-240-0660,False,False,0.0,2023-08-28 16:17:00,Crossing In Crosswalk - At Intersection,Unknown,Unknown,Daylight,Violation Driver 1,Controls Functioning,Clear,Vehicle/Pedestrian,Intersection,Pedestrian,South,North,At,PED,False,False,113530,WHITE RD,WOODHAVEN DR,37.35929637,-121.8220241
4248,696350,CR-0000099506,1,0,0,0,23-304-0685,False,False,84.0,2023-10-31 17:57:00,No Pedestrians Involved,Dry,No Unusual Conditions,Dusk - Dawn,Violation Driver 1,Controls Functioning,Clear,Rear End,Non-Related,Other Vehicle,Not Applicable,Not Applicable,North Of,,False,False,32603,CAPITOL AV,GIMELLI WY/RAINFIELD DR,37.37515297,-121.8479842
4250,711873,CR-0000101124,0,0,0,0,23-299-4006,False,True,0.0,2023-10-26 01:30:00,No Pedestrians Involved,Unknown,Unknown,Unknown,Unknown,Unknown,Unknown,Broadside,Intersection,Unknown,Not Applicable,Not Applicable,At,,False,False,32603,CAPITOL AV,GIMELLI WY/RAINFIELD DR,37.37515297,-121.8479842
4252,690922,CR-0000097086,0,0,0,0,23-042-0290,False,False,51.0,2023-02-11 12:56:00,No Pedestrians Involved,Wet,No Unusual Conditions,Daylight,Violation Driver 1,No Controls Present/Factor,Cloudy,Sideswipe,Non-Related,Parked Vehicle,Not Applicable,Not Applicable,South Of,,True,False,8436,ARAMIS DR,PARK PLEASANT CI,37.35704341,-121.8104107
4255,692576,CR-0000097867,0,0,0,0,23-002-0249,False,False,,2023-01-01 18:36:00,No Pedestrians Involved,Dry,No Unusual Conditions,Dark - Street Light,Violation Driver 1,Unknown,Cloudy,Rear End,Related,Parked Vehicle,Not Applicable,Not Applicable,West Of,,False,True,94082,MT KENYA DR,MT ST HELENA DR,37.35163938,-121.8000235
4256,692435,CR-0000097719,0,0,0,0,23-086-4007,False,True,51.0,2023-03-23 23:36:00,No Pedestrians Involved,Unknown,Unknown,Unknown,Unknown,Unknown,Unknown,Sideswipe,Non-Related,Parked Vehicle,Not Applicable,Not Applicable,North Of,,False,False,93940,MT EVEREST DR,MT LASSEN DR,37.35228239,-121.8073454
4258,699270,CR-0000100593,0,0,0,0,23-175-4008,False,True,51.0,2023-06-24 17:40:00,No Pedestrians Involved,Unknown,Unknown,Unknown,Unknown,Unknown,Unknown,Other,Non-Related,Parked Vehicle,Not Applicable,Not Applicable,South Of,,False,False,94137,MT LASSEN DR,MT WILSON DR,37.35350368,-121.8089315
4262,690741,CR-0000096878,0,0,0,0,23-013-0404,False,False,0.0,2023-01-13 13:34:00,No Pedestrians Involved,Wet,No Unusual Conditions,Daylight,Violation Driver 1,Unknown,Rain,Hit Object,Intersection,Fixed Object,Not Applicable,Not Applicable,At,,True,True,94720,MURTHA DR,WHITE RD,37.351667,-121.8150659
4264,690723,CR-0000096860,0,0,0,0,23-018-4005,False,True,51.0,2023-01-18 01:00:00,No Pedestrians Involved,Unknown,Unknown,Unknown,Unknown,Unknown,Unknown,Sideswipe,Non-Related,Parked Vehicle,Not Applicable,Not Applicable,Unknown,,False,False,39511,CINNABAR ST,MONTGOMERY ST,37.33719307,-121.9053498
4267,692452,CR-0000097739,0,1,0,0,23-084-0380,False,False,0.0,2023-03-25 13:35:00,No Pedestrians Involved,Dry,No Unusual Conditions,Daylight,Violation Driver 1,No Controls Present/Factor,Clear,Broadside,Intersection,Other Vehicle,Not Applicable,Not Applicable,At,,False,False,55769,ELEVENTH ST,MARGARET ST,37.33061977,-121.8721095
4276,712091,CR-0000101222,0,0,0,0,23-328-4005,False,True,,2023-11-23 03:55:00,No Pedestrians Involved,Unknown,Unknown,Unknown,Unknown,Unknown,Unknown,Other,Related,Unknown,Not Applicable,Not Applicable,Unknown,,False,False,87746,MARGARET ST,SEVENTH ST,37.32862372,-121.8763117
4284,696214,CR-0000099359,2,0,0,0,23-102-0149,False,False,16.0,2023-04-12 06:15:00,No Pedestrians Involved,Dry,No Unusual Conditions,Daylight,Unknown,Controls Functioning,Clear,Broadside,Related,Other Vehicle,Not Applicable,Not Applicable,East Of,,False,False,103421,REED ST,SEVENTH ST,37.33011424,-121.8774255
4285,696168,CR-0000099311,0,0,0,0,23-094-1028,False,False,36.0,2023-04-04 23:00:00,No Pedestrians Involved,Dry,No Unusual Conditions,Dark - Street Light,Violation Driver 1,Controls Functioning,Clear,Rear End,Related,Other Vehicle,Not Applicable,Not Applicable,South Of,,True,True,103421,REED ST,SEVENTH ST,37.33011424,-121.8774255
4286,696467,CR-0000099644,1,0,0,0,23-319-0643,False,False,30.0,2023-11-15 17:26:00,Crossing - Not In Crosswalk,Wet,No Unusual Conditions,Dark - Street Light,Violation Driver 1,Controls Functioning,Rain,Vehicle/Pedestrian,Related,Pedestrian,North,South,East Of,PEDESTRIAN,False,False,54878,EIGHTH ST,REED ST,37.33061196,-121.8763757
4287,690671,CR-0000096805,0,0,0,0,23-019-0028,False,False,0.0,2023-01-19 00:35:00,No Pedestrians Involved,Wet,No Unusual Conditions,Dark - Street Light,Violation Driver 1,Controls Functioning,Rain,Sideswipe,Intersection,Parked Vehicle,Not Applicable,Not Applicable,At,,False,False,54878,EIGHTH ST,REED ST,37.33061196,-121.8763757
4290,696450,CR-0000099627,0,0,0,0,23-110-0486,False,False,432.0,2023-04-20 15:21:00,No Pedestrians Involved,Dry,No Unusual Conditions,Daylight,Violation Driver 1,No Controls Present/Factor,Clear,Rear End,Non-Related,Parked Vehicle,Not Applicable,Not Applicable,North Of,,False,False,3871,ALLEN AV,STEINBECK DR,37.24711975,-121.8555614
4291,711569,CR-0000100986,0,0,0,0,23-259-0233,False,False,66.0,2023-09-16 08:26:00,No Pedestrians Involved,Dry,No Unusual Conditions,Dark - Street Light,Violation Driver 1,No Controls Present/Factor,Clear,Head On,Non-Related,Parked Vehicle,Not Applicable,Not Applicable,North Of,,False,True,3871,ALLEN AV,STEINBECK DR,37.24711975,-121.8555614
4294,690571,CR-0000096692,1,0,0,0,23-023-0514,False,False,0.0,2023-01-23 13:03:00,No Pedestrians Involved,Dry,No Unusual Conditions,Daylight,Unknown,Controls Functioning,Clear,Vehicle/Bike,Intersection,Bike,Not Applicable,Not Applicable,At,BIKE,False,False,108305,SEVENTEENTH ST,ST JAMES ST,37.34678723,-121.8765685
4297,712003,CR-0000100883,1,0,0,0,23-306-0784,False,False,0.0,2023-11-02 16:42:00,Crossing In Crosswalk - At Intersection,Dry,No Unusual Conditions,Dusk - Dawn,Violation Driver 1,No Controls Present/Factor,Clear,Vehicle/Pedestrian,Intersection,Pedestrian,South,North,At,PEDESTRIAN,False,False,95600,NEWPORT AV,PINE AV (W),37.29674175,-121.8973473
4300,690987,CR-0000097158,1,0,0,0,23-033-0005,False,False,122.0,2023-02-02 00:05:00,No Pedestrians Involved,Dry,No Unusual Conditions,Dark - Street Light,Violation Driver 1,Unknown,Clear,Rear End,Non-Related,Parked Vehicle,Not Applicable,Not Applicable,West Of,,False,False,65768,GERONIMO DR,SANTA TERESA BL,37.23682424,-121.8363885
4301,691118,CR-0000097314,0,0,1,0,23-045-0770,False,False,35.0,2023-02-14 20:26:00,Crossing - Not In Crosswalk,Dry,No Unusual Conditions,Dark - Street Light,Pedestrian At Fault,No Controls Present/Factor,Clear,Vehicle/Pedestrian,Related,Pedestrian,East,West,South Of,PED,False,False,26564,BUCKEYE DR,SENTER RD,37.28736768,-121.8274872
4303,694709,CR-0000098749,2,0,0,0,23-238-0388,False,False,51.0,2023-08-26 12:00:00,No Pedestrians Involved,Dry,No Unusual Conditions,Daylight,Violation Driver 1,No Controls Present/Factor,Clear,Rear End,Non-Related,Other Vehicle,Not Applicable,Not Applicable,South Of,,True,False,26564,BUCKEYE DR,SENTER RD,37.28736768,-121.8274872