,CrashFactId,Name,MinorInjuries,ModerateInjuries,SevereInjuries,FatalInjuries,TcrNumber,CityDamageFlag,ShortFormFlag,Distance,CrashDateTime,PedestrianAction,RoadwaySurface,RoadwayCondition,Lighting,PrimaryCollisionFactor,TrafficControl,Weather,CollisionType,ProximityToIntersection,VehicleInvolvedWith,PedestrianDirectionFrom,PedestrianDirectionTo,DirectionFromIntersection,Comment,SpeedingFlag,HitAndRunFlag,IntersectionNumber,AStreetName,BStreetName,Latitude,Longitude
4305,711973,CR-0000101040,0,0,0,0,23-267-0832,False,False,,2023-09-24 23:05:00,No Pedestrians Involved,Dry,No Unusual Conditions,Dark - Street Light,Violation Driver 1,No Controls Present/Factor,Clear,Sideswipe,Related,Parked Vehicle,Not Applicable,Not Applicable,South Of,,True,False,66274,GIUSTI DR,SNOW DR,37.26867341,-121.803471
4307,694774,CR-0000098811,7,0,0,0,23-217-0467,False,False,0.0,2023-08-05 13:27:00,No Pedestrians Involved,Dry,No Unusual Conditions,Daylight,Violation Driver 1,No Controls Present/Factor,Clear,Broadside,Intersection,Other Vehicle,Not Applicable,Not Applicable,At,,False,False,74601,HUMBOLDT ST,SEVENTH ST,37.32131354,-121.8708771
4319,694767,CR-0000098804,1,0,0,0,23-230-9709,False,True,0.0,2023-08-12 01:34:00,No Pedestrians Involved,Dry,No Unusual Conditions,Dark - Street Light,Violation Driver 1,Controls Functioning,Clear,Vehicle/Bike,Intersection,Scooter Motorized,Not Applicable,Not Applicable,At,E.SCOOTER,False,False,107117,SANTA CLARA ST,THIRD ST,37.337173,-121.8884635
4320,696180,CR-0000099324,0,0,0,0,23-128-9701,False,True,51.0,2023-05-05 20:08:00,No Pedestrians Involved,Dry,Other,Dark - Street Light,Unknown,Controls Functioning,Unknown,Rear End,Non-Related,Parked Vehicle,Not Applicable,Not Applicable,South Of,,False,False,107117,SANTA CLARA ST,THIRD ST,37.337173,-121.8884635
4321,711618,CR-0000101115,0,0,0,0,23-305-9707,False,True,51.0,2023-10-31 11:13:00,No Pedestrians Involved,Dry,No Unusual Conditions,Daylight,Unknown,Controls Functioning,Clear,Rear End,Non-Related,Other Vehicle,Not Applicable,Not Applicable,East Of,,False,False,107117,SANTA CLARA ST,THIRD ST,37.337173,-121.8884635
4322,711699,CR-0000101208,0,0,0,0,23-330-4000,False,True,51.0,2023-11-26 00:05:00,No Pedestrians Involved,Unknown,Unknown,Unknown,Unknown,Unknown,Unknown,Broadside,Non-Related,Other Vehicle,Not Applicable,Not Applicable,East Of,,False,False,107117,SANTA CLARA ST,THIRD ST,37.337173,-121.8884635
4323,711786,CR-0000101544,0,0,0,0,23-337-0461,False,False,55.0,2023-12-03 13:07:00,No Pedestrians Involved,Dry,No Unusual Conditions,Daylight,Violation Driver 1,Controls Functioning,Clear,Rear End,Non-Related,Parked Vehicle,Not Applicable,Not Applicable,South Of,,False,True,107117,SANTA CLARA ST,THIRD ST,37.337173,-121.8884635
4324,711780,CR-0000100840,0,0,0,0,23-205-4006,False,True,0.0,2023-07-23 15:05:00,No Pedestrians Involved,Unknown,Unknown,Unknown,Violation Driver 1,Unknown,Unknown,Broadside,Intersection,Other Vehicle,Not Applicable,Not Applicable,At,,False,True,107117,SANTA CLARA ST,THIRD ST,37.337173,-121.8884635
4325,699157,CR-0000100475,0,0,0,0,23-164-0102,False,False,149.0,2023-06-13 03:02:00,No Pedestrians Involved,Dry,No Unusual Conditions,Dark - Street Light,Violation Driver 1,Unknown,Clear,Rear End,Non-Related,Parked Vehicle,Not Applicable,Not Applicable,East Of,,True,True,107117,SANTA CLARA ST,THIRD ST,37.337173,-121.8884635
4335,694147,CR-0000098043,0,1,0,0,23-110-0618,False,False,243.0,2023-04-20 16:21:00,Not In Road,Dry,No Unusual Conditions,Daylight,Pedestrian At Fault,No Controls Present/Factor,Clear,Vehicle/Pedestrian,Non-Related,Scooter Non-Motorized,North,South,North Of,PEDESTRIAN(SCOOTER),False,False,63007,FOURTH ST,SANTA CLARA ST,37.33766995,-121.8874011
4336,698923,CR-0000100225,2,0,0,0,23-329-0334,False,False,0.0,2023-11-25 11:14:00,No Pedestrians Involved,Dry,No Unusual Conditions,Daylight,Violation Driver 1,Controls Functioning,Clear,Rear End,Intersection,Other Vehicle,Not Applicable,Not Applicable,At,,False,False,63007,FOURTH ST,SANTA CLARA ST,37.33766995,-121.8874011
4337,698891,CR-0000100189,0,0,1,0,23-309-0092,False,False,30.0,2023-11-05 01:20:00,In Road - Includes Shoulder,Dry,No Unusual Conditions,Daylight,Violation Driver 1,Controls Functioning,Clear,Vehicle/Pedestrian,Related,Pedestrian,North,South,South Of,PED,False,True,63007,FOURTH ST,SANTA CLARA ST,37.33766995,-121.8874011
4338,711759,CR-0000101558,0,0,0,0,23-355-0041,False,False,52.0,2023-12-21 01:21:00,No Pedestrians Involved,Dry,No Unusual Conditions,Dark - Street Light,Violation Driver 1,Controls Functioning,Cloudy,Broadside,Non-Related,Other Vehicle,Not Applicable,Not Applicable,West Of,,False,False,63007,FOURTH ST,SANTA CLARA ST,37.33766995,-121.8874011
4339,696263,CR-0000099410,0,0,0,0,23-101-0544,False,False,0.0,2023-04-11 16:20:00,No Pedestrians Involved,Dry,No Unusual Conditions,Daylight,Violation Driver 1,Controls Functioning,Clear,Sideswipe,Intersection,Other Vehicle,Not Applicable,Not Applicable,At,,False,False,63007,FOURTH ST,SANTA CLARA ST,37.33766995,-121.8874011
4340,694783,CR-0000098820,0,0,1,0,23-215-0363,False,False,114.0,2023-08-03 11:37:00,Crossing - Not In Crosswalk,Dry,Unknown,Daylight,Pedestrian At Fault,Controls Functioning,Clear,Vehicle/Pedestrian,Non-Related,Pedestrian,South,North,West Of,PED,False,False,63007,FOURTH ST,SANTA CLARA ST,37.33766995,-121.8874011
4353,716015,CR-0000101866,0,0,0,0,23-141-0931,False,True,50.0,2023-05-23 11:50:00,No Pedestrians Involved,Unknown,Unknown,Unknown,Unknown,Unknown,Unknown,Rear End,Related,Other Vehicle,Not Applicable,Not Applicable,East Of,,False,True,63029,FOURTH ST,ST JOHN ST,37.33915859,-121.8885215
4357,694212,CR-0000098026,2,0,0,0,23-104-0354,False,False,0.0,2023-04-14 11:50:00,No Pedestrians Involved,Dry,No Unusual Conditions,Daylight,Violation Driver 1,Controls Functioning,Clear,Head On,Intersection,Other Vehicle,Not Applicable,Not Applicable,At,,False,False,4212,ALMA AV,SEVENTH ST,37.31839783,-121.8687024
4358,694292,CR-0000098200,2,0,0,0,23-144-0302,False,False,0.0,2023-05-24 09:49:00,No Pedestrians Involved,Dry,No Unusual Conditions,Daylight,Violation Driver 1,Controls Functioning,Clear,Broadside,Intersection,Other Vehicle,Not Applicable,Not Applicable,At,,False,False,4212,ALMA AV,SEVENTH ST,37.31839783,-121.8687024
4359,694720,CR-0000098773,1,0,0,0,23-214-0626,True,False,229.0,2023-08-02 16:05:00,No Pedestrians Involved,Dry,No Unusual Conditions,Daylight,Violation Driver 1,No Controls Present/Factor,Clear,Hit Object,Non-Related,Fixed Object,Not Applicable,Not Applicable,East Of,FENCE,True,False,4212,ALMA AV,SEVENTH ST,37.31839783,-121.8687024
4360,711575,CR-0000101434,0,0,0,0,23-354-0803,False,False,0.0,2023-12-20 21:05:00,No Pedestrians Involved,Dry,No Unusual Conditions,Dark - Street Light,Violation Driver 1,Controls Functioning,Clear,Head On,Intersection,Other Vehicle,Not Applicable,Not Applicable,At,,False,False,4212,ALMA AV,SEVENTH ST,37.31839783,-121.8687024
4368,694693,CR-0000098727,1,0,0,0,23-223-0501,False,False,32.0,2023-08-11 14:09:00,No Pedestrians Involved,Dry,No Unusual Conditions,Daylight,Violation Driver 1,Controls Functioning,Clear,Rear End,Related,Other Vehicle,Not Applicable,Not Applicable,South Of,,True,False,82521,LAWRENCE EX,SARATOGA AV,37.28947574,-121.9945539
4370,692504,CR-0000097793,0,0,0,0,23-074-4006,False,True,50.0,2023-03-12 13:00:00,No Pedestrians Involved,Unknown,Unknown,Unknown,Unknown,Unknown,Unknown,Broadside,Related,Other Vehicle,Not Applicable,Not Applicable,Unknown,,False,False,82521,LAWRENCE EX,SARATOGA AV,37.28947574,-121.9945539
4371,712039,CR-0000101062,0,0,0,0,23-303-0552,False,False,0.0,2023-10-30 15:35:00,No Pedestrians Involved,Dry,No Unusual Conditions,Daylight,Violation Driver 1,Controls Functioning,Clear,Rear End,Intersection,Other Vehicle,Not Applicable,Not Applicable,At,,False,False,82521,LAWRENCE EX,SARATOGA AV,37.28947574,-121.9945539
4372,712033,CR-0000101157,0,0,0,0,23-276-9729,False,True,0.0,2023-10-01 19:00:00,No Pedestrians Involved,Unknown,Unknown,Daylight,Unknown,Unknown,Clear,Broadside,Intersection,Parked Vehicle,Not Applicable,Not Applicable,At,,False,False,82521,LAWRENCE EX,SARATOGA AV,37.28947574,-121.9945539
4373,712092,CR-0000100898,0,0,0,0,23-192-9702,False,True,,2023-07-11 12:10:00,No Pedestrians Involved,Dry,Unknown,Daylight,Unknown,Unknown,Cloudy,Other,Related,Other Vehicle,Not Applicable,Not Applicable,Unknown,,False,False,31217,CAMPBELL AV,PROSEPCT RD/SARATOGA AV,37.29163522,-121.9921469
4376,696156,CR-0000099299,0,0,0,0,23-227-9701,False,True,0.0,2023-08-14 17:35:00,No Pedestrians Involved,Dry,No Unusual Conditions,Daylight,Unknown,Controls Functioning,Clear,Rear End,Intersection,Other Vehicle,Not Applicable,Not Applicable,At,,False,False,31217,CAMPBELL AV,PROSEPCT RD/SARATOGA AV,37.29163522,-121.9921469
4383,699014,CR-0000100319,1,0,0,0,23-313-0447,False,False,0.0,2023-11-09 13:45:00,No Pedestrians Involved,Dry,No Unusual Conditions,Daylight,Violation Driver 1,No Controls Present/Factor,Clear,Vehicle/Bike,Intersection,Bike,Not Applicable,Not Applicable,At,BIKE,False,False,57199,ENGLISH DR,PROSPECT RD,37.29296081,-122.0023774
4389,690889,CR-0000097033,0,0,0,0,23-037-4000,False,True,0.0,2023-01-17 07:45:00,No Pedestrians Involved,Unknown,Unknown,Unknown,Unknown,Unknown,Unknown,Hit Object,Intersection,Other Object,Not Applicable,Not Applicable,At,,False,False,4509,ALMADEN BL,PARK AV,37.33081289,-121.892493
4391,699210,CR-0000100531,0,0,0,0,23-162-4005,False,True,51.0,2023-06-11 02:00:00,No Pedestrians Involved,Unknown,Unknown,Unknown,Unknown,Unknown,Unknown,Sideswipe,Non-Related,Other Vehicle,Not Applicable,Not Applicable,Unknown,,False,False,60653,FIRST ST,ST JOHN ST,37.33765529,-121.8916747
4392,711530,CR-0000100985,0,0,0,0,23-245-0875,False,False,135.0,2023-09-02 22:13:00,No Pedestrians Involved,Dry,No Unusual Conditions,Dark - Street Light,Violation Driver 1,No Controls Present/Factor,Cloudy,Rear End,Non-Related,Parked Vehicle,Not Applicable,Not Applicable,West Of,,True,True,60653,FIRST ST,ST JOHN ST,37.33765529,-121.8916747
4396,698794,CR-0000100075,0,1,0,0,23-355-0850,False,False,0.0,2023-12-21 17:56:00,Crossing In Crosswalk - At Intersection,Dry,No Unusual Conditions,Dark - Street Light,Violation Driver 1,Controls Functioning,Clear,Vehicle/Pedestrian,Intersection,Pedestrian,North,South,At,PED,False,True,82851,LEIGH AV,LOS GATOS ALMADEN RD,37.24348779,-121.9226541
4405,690808,CR-0000096947,1,0,0,0,23-009-0487,False,False,150.0,2023-01-09 13:45:00,No Pedestrians Involved,Dry,No Unusual Conditions,Daylight,Violation Driver 1,No Controls Present/Factor,Clear,Sideswipe,Non-Related,Other Vehicle,Not Applicable,Not Applicable,South Of,,False,False,77626,JULIAN ST,NINTH ST,37.34457106,-121.8853498
4406,691375,CR-0000097624,0,0,0,0,23-062-1002,False,False,210.0,2023-03-03 23:42:00,No Pedestrians Involved,Dry,No Unusual Conditions,Dark - Street Light,Violation Driver 1,No Controls Present/Factor,Clear,Sideswipe,Non-Related,Parked Vehicle,Not Applicable,Not Applicable,North Of,Metal fence,False,False,54823,EIGHTH ST,JULIAN ST,37.34407275,-121.8864036
4407,711672,CR-0000101344,0,0,0,0,23-266-0148,False,False,143.0,2023-09-23 03:16:00,No Pedestrians Involved,Dry,No Unusual Conditions,Dark - Street Light,Violation Driver 1,No Controls Present/Factor,Clear,Broadside,Non-Related,Parked Vehicle,Not Applicable,Not Applicable,West Of,,False,False,54823,EIGHTH ST,JULIAN ST,37.34407275,-121.8864036
4410,694614,CR-0000098647,0,1,0,0,23-206-0675,False,False,0.0,2023-07-25 16:49:00,No Pedestrians Involved,Dry,No Unusual Conditions,Daylight,Violation Driver 1,Controls Functioning,Clear,Head On,Intersection,Motorcycle,Not Applicable,Not Applicable,At,,False,False,77692,JULIAN ST,SEVENTH ST,37.34357003,-121.8874587
4413,712037,CR-0000101191,0,0,0,0,23-316-9704,False,True,,2023-01-11 13:15:00,No Pedestrians Involved,Dry,No Unusual Conditions,Daylight,Unknown,Controls Functioning,Clear,Sideswipe,Related,Other Vehicle,Not Applicable,Not Applicable,Unknown,,False,False,110813,STEVENS CREEK BL,WINCHESTER BL,37.32331968,-121.9501245
4414,712005,CR-0000101086,0,0,0,0,23-233-9703,False,True,,2023-08-20 13:30:00,No Pedestrians Involved,Dry,No Unusual Conditions,Daylight,Unknown,Controls Functioning,Clear,Rear End,Related,Other Vehicle,Not Applicable,Not Applicable,East Of,,False,False,110813,STEVENS CREEK BL,WINCHESTER BL,37.32331968,-121.9501245
4421,694755,CR-0000098787,1,0,0,0,23-217-0452,False,False,0.0,2023-08-05 14:29:00,Crossing In Crosswalk - At Intersection,Dry,No Unusual Conditions,Daylight,Pedestrian At Fault,Controls Functioning,Clear,Vehicle/Pedestrian,Intersection,Pedestrian,South,North,At,PED,False,False,110813,STEVENS CREEK BL,WINCHESTER BL,37.32331968,-121.9501245
4422,695854,CR-0000098919,0,0,0,0,23-096-9701,False,True,0.0,2023-04-06 07:51:00,No Pedestrians Involved,Dry,No Unusual Conditions,Daylight,Unknown,No Controls Present/Factor,Clear,Rear End,Intersection,Other Vehicle,Not Applicable,Not Applicable,At,,False,False,110813,STEVENS CREEK BL,WINCHESTER BL,37.32331968,-121.9501245
4423,695888,CR-0000099007,0,0,0,0,23-214-0618,False,False,133.0,2023-08-02 16:00:00,No Pedestrians Involved,Dry,No Unusual Conditions,Daylight,Violation Driver 1,Controls Functioning,Clear,Rear End,Non-Related,Other Vehicle,Not Applicable,Not Applicable,North Of,,False,False,110813,STEVENS CREEK BL,WINCHESTER BL,37.32331968,-121.9501245
4424,698673,CR-0000099910,1,1,0,0,23-221-0872,False,False,0.0,2023-08-09 20:00:00,No Pedestrians Involved,Dry,No Unusual Conditions,Dark - Street Light,Unknown,Controls Functioning,Clear,Broadside,Intersection,Other Vehicle,Not Applicable,Not Applicable,At,,False,False,110813,STEVENS CREEK BL,WINCHESTER BL,37.32331968,-121.9501245
4425,691258,CR-0000097502,0,0,0,0,23-007-0560,False,False,0.0,2023-01-07 17:20:00,Crossing In Crosswalk - At Intersection,Wet,No Unusual Conditions,Dusk - Dawn,Pedestrian At Fault,Controls Functioning,Rain,Vehicle/Pedestrian,Intersection,Pedestrian,South,North,At,PED,False,False,110813,STEVENS CREEK BL,WINCHESTER BL,37.32331968,-121.9501245
4426,694402,CR-0000098356,0,1,0,0,23-170-0500,False,False,20.0,2023-06-19 13:52:00,No Pedestrians Involved,Dry,No Unusual Conditions,Daylight,Violation Driver 1,Controls Functioning,Clear,Rear End,Related,Other Vehicle,Not Applicable,Not Applicable,East Of,,False,False,110813,STEVENS CREEK BL,WINCHESTER BL,37.32331968,-121.9501245
4427,694564,CR-0000098588,0,1,0,0,23-200-0309,False,False,0.0,2023-07-19 11:08:00,Crossing In Crosswalk - At Intersection,Dry,No Unusual Conditions,Daylight,Violation Driver 1,No Controls Present/Factor,Clear,Vehicle/Pedestrian,Intersection,Pedestrian,East,West,East Of,PED,False,False,69618,HALLMARK LN,JUSTINE DR,37.26076111,-121.9136937
4433,691064,CR-0000097237,0,0,0,0,23-055-4002,False,True,51.0,2023-02-24 10:48:00,No Pedestrians Involved,Unknown,Unknown,Unknown,Unknown,Unknown,Unknown,Other,Non-Related,Parked Vehicle,Not Applicable,Not Applicable,South Of,,False,False,8711,ARCHER ST,KERLEY DR,37.36582735,-121.9105473
4439,711574,CR-0000101313,0,0,0,0,23-341-0706,False,False,246.0,2023-12-07 16:19:00,No Pedestrians Involved,Wet,No Unusual Conditions,Daylight,Violation Driver 1,No Controls Present/Factor,Rain,Broadside,Non-Related,Other Vehicle,Not Applicable,Not Applicable,West Of,,True,True,97184,OLD BAYSHORE HW,TERMINAL AV,37.36846431,-121.9059788
4440,696129,CR-0000099271,0,0,0,0,23-223-0583,False,False,51.0,2023-08-11 15:48:00,No Pedestrians Involved,Dry,No Unusual Conditions,Daylight,Violation Driver 1,No Controls Present/Factor,Clear,Sideswipe,Non-Related,Other Vehicle,Not Applicable,Not Applicable,West Of,,False,False,97184,OLD BAYSHORE HW,TERMINAL AV,37.36846431,-121.9059788
4441,697630,CR-0000099849,2,0,0,0,23-293-0555,False,False,105.0,2023-10-20 15:46:00,No Pedestrians Involved,Dry,No Unusual Conditions,Daylight,Violation Driver 1,No Controls Present/Factor,Clear,Broadside,Non-Related,Other Vehicle,Not Applicable,Not Applicable,East Of,,False,False,97184,OLD BAYSHORE HW,TERMINAL AV,37.36846431,-121.9059788
4442,696540,CR-0000099727,0,0,1,0,23-337-0751,False,False,129.0,2023-12-03 19:20:00,No Pedestrians Involved,Dry,No Unusual Conditions,Dark - Street Light,Violation Driver 1,Controls Functioning,Clear,Vehicle/Bike,Non-Related,Bike,Not Applicable,Not Applicable,East Of,,True,True,66208,GISH RD,OLD BAYSHORE HW/NIMITZ FW,37.36768528,-121.9025214
4443,695878,CR-0000098970,0,0,0,0,23-107-4001,False,True,51.0,2023-04-17 09:30:00,No Pedestrians Involved,Unknown,Unknown,Unknown,Unknown,Unknown,Unknown,Broadside,Non-Related,Parked Vehicle,Not Applicable,Not Applicable,South Of,,False,False,66208,GISH RD,OLD BAYSHORE HW/NIMITZ FW,37.36768528,-121.9025214
4444,694591,CR-0000098615,0,1,0,0,23-202-0786,False,False,0.0,2023-07-21 19:03:00,No Pedestrians Involved,Dry,No Unusual Conditions,Daylight,Violation Driver 1,Controls Functioning,Clear,Rear End,Intersection,Other Vehicle,Not Applicable,Not Applicable,At,,True,True,66208,GISH RD,OLD BAYSHORE HW/NIMITZ FW,37.36768528,-121.9025214
4445,698834,CR-0000100117,2,0,0,0,23-341-0286,True,False,0.0,2023-12-07 09:55:00,No Pedestrians Involved,Dry,No Unusual Conditions,Daylight,Violation Driver 1,Controls Functioning,Clear,Hit Object,Intersection,Fixed Object,Not Applicable,Not Applicable,At,LIGHTPOLE,False,False,66208,GISH RD,OLD BAYSHORE HW/NIMITZ FW,37.36768528,-121.9025214
4446,698991,CR-0000100295,1,0,0,0,23-325-0969,False,False,0.0,2023-11-21 22:30:00,No Pedestrians Involved,Dry,No Unusual Conditions,Dark - Street Light,Violation Driver 1,Controls Functioning,Clear,Broadside,Intersection,Other Vehicle,Not Applicable,Not Applicable,At,,False,False,66208,GISH RD,OLD BAYSHORE HW/NIMITZ FW,37.36768528,-121.9025214
4459,712095,CR-0000101113,0,0,0,0,23-272-4001,False,True,,2023-09-27 07:30:00,No Pedestrians Involved,Unknown,Unknown,Unknown,Unknown,Unknown,Unknown,Rear End,Related,Other Vehicle,Not Applicable,Not Applicable,Unknown,,False,False,66208,GISH RD,OLD BAYSHORE HW/NIMITZ FW,37.36768528,-121.9025214
4463,690828,CR-0000096967,0,0,0,0,23-017-0437,True,False,582.0,2023-01-17 12:38:00,No Pedestrians Involved,Unknown,Unknown,Unknown,Violation Driver 1,No Controls Present/Factor,Unknown,Hit Object,Non-Related,Fixed Object,Not Applicable,Not Applicable,West Of,Metal Poles,True,False,42426,COMMERCIAL ST/OLD BAYSHORE HW,THIRTEENTH ST,37.36368992,-121.8942293
4464,698824,CR-0000100106,1,0,0,0,23-339-0476,False,False,,2023-12-05 14:03:00,No Pedestrians Involved,Dry,No Unusual Conditions,Daylight,Violation Driver 1,Unknown,Clear,Head On,Related,Other Vehicle,Not Applicable,Not Applicable,West Of,,True,False,36871,CHARLES ST,THIRTEENTH ST,37.36569938,-121.8957157
4465,711682,CR-0000101508,0,0,0,0,23-269-4002,False,True,51.0,2023-09-26 12:06:00,No Pedestrians Involved,Unknown,Unknown,Unknown,Unknown,Unknown,Unknown,Other,Non-Related,Other Vehicle,Not Applicable,Not Applicable,South Of,,False,False,36871,CHARLES ST,THIRTEENTH ST,37.36569938,-121.8957157
4466,698966,CR-0000100268,1,0,0,0,23-312-0160,False,False,128.0,2023-11-08 07:14:00,No Pedestrians Involved,Dry,No Unusual Conditions,Daylight,Violation Driver 1,No Controls Present/Factor,Clear,Rear End,Non-Related,Other Vehicle,Not Applicable,Not Applicable,South Of,,False,False,110846,STOCKTON AV,TAYLOR ST,37.34064166,-121.9134011
4472,694795,CR-0000098833,1,0,0,0,23-230-0820,False,False,0.0,2023-08-18 19:53:00,No Pedestrians Involved,Dry,No Unusual Conditions,Dark - Street Light,Violation Driver 1,No Controls Present/Factor,Clear,Broadside,Intersection,Other Vehicle,Not Applicable,Not Applicable,At,,False,True,71477,HEDDING ST,MYRTLE ST,37.34189651,-121.9214221
4475,690751,CR-0000096888,2,1,0,0,23-014-0857,False,False,141.0,2023-01-14 22:36:00,No Pedestrians Involved,Wet,No Unusual Conditions,Dark - Street Light,Violation Driver 1,Controls Functioning,Clear,Rear End,Non-Related,Parked Vehicle,Not Applicable,Not Applicable,North Of,,True,False,99098,PARKMOOR AV,RICHMOND AV,37.31727004,-121.9227074
4482,694126,CR-0000097912,1,0,0,0,23-120-0151,False,False,263.0,2023-04-30 03:12:00,No Pedestrians Involved,Dry,No Unusual Conditions,Dark - Street Light,Violation Driver 1,No Controls Present/Factor,Clear,Rear End,Non-Related,Parked Vehicle,Not Applicable,Not Applicable,East Of,,True,False,9910,ASHWORTH WY,SLOPEVIEW DR,37.33037236,-121.7779172
4485,691297,CR-0000097542,1,0,0,0,23-060-0534,False,False,20.0,2023-03-01 15:00:00,No Pedestrians Involved,Dry,No Unusual Conditions,Daylight,Violation Driver 1,Controls Functioning,Clear,Rear End,Related,Other Vehicle,Not Applicable,Not Applicable,South Of,,True,True,59894,FIFTH ST,SAN SALVADOR ST,37.3320527,-121.8817577
4492,695826,CR-0000098891,0,0,0,0,23-092-9703,False,True,0.0,2023-04-02 15:44:00,No Pedestrians Involved,Wet,No Unusual Conditions,Daylight,Unknown,Controls Functioning,Clear,Broadside,Intersection,Other Vehicle,Not Applicable,Not Applicable,At,,False,False,62996,FOURTH ST,SAN SALVADOR ST,37.33151989,-121.8828284
4493,711556,CR-0000101450,0,0,0,0,23-253-4000,False,True,0.0,2023-09-08 14:34:00,No Pedestrians Involved,Unknown,Unknown,Unknown,Unknown,Unknown,Unknown,Broadside,Intersection,Other Vehicle,Not Applicable,Not Applicable,At,,False,False,62996,FOURTH ST,SAN SALVADOR ST,37.33151989,-121.8828284
4496,691280,CR-0000097525,0,0,0,0,23-052-4000,False,True,0.0,2023-02-20 16:03:00,No Pedestrians Involved,Unknown,Unknown,Unknown,Unknown,Unknown,Unknown,Other,Intersection,Other Vehicle,Not Applicable,Not Applicable,At,,False,False,10482,AUZERAIS AV,DELMAS AV/GUADALUPE FR,37.32599444,-121.8945388
4497,694284,CR-0000097975,1,0,0,0,23-079-0183,False,False,0.0,2023-03-20 07:50:00,No Pedestrians Involved,Dry,No Unusual Conditions,Daylight,Violation Driver 1,No Controls Present/Factor,Cloudy,Vehicle/Bike,Intersection,Scooter Motorized,Not Applicable,Not Applicable,At,,False,False,10482,AUZERAIS AV,DELMAS AV/GUADALUPE FR,37.32599444,-121.8945388
4503,696182,CR-0000099326,1,0,0,0,23-211-0111,False,False,0.0,2023-07-30 01:41:00,No Pedestrians Involved,Dry,No Unusual Conditions,Dark - Street Light,Violation Driver 1,Controls Functioning,Clear,Broadside,Intersection,Other Vehicle,Not Applicable,Not Applicable,At,,True,False,50137,GUADALUPE FR/DELMAS AV,PARK AV,37.32875804,-121.8966023
4504,696271,CR-0000099418,0,0,0,0,23-117-0297,False,False,0.0,2023-04-27 10:30:00,No Pedestrians Involved,Dry,No Unusual Conditions,Daylight,Violation Driver 1,Controls Functioning,Clear,Broadside,Intersection,Train,Not Applicable,Not Applicable,At,VEHICLE VS LT RAIL TRAIN,False,False,50137,GUADALUPE FR/DELMAS AV,PARK AV,37.32875804,-121.8966023
4505,711652,CR-0000101193,0,0,0,0,23-307-4006,False,True,0.0,2023-11-03 20:25:00,No Pedestrians Involved,Unknown,Unknown,Unknown,Unknown,Unknown,Unknown,Other,Intersection,Other Vehicle,Not Applicable,Not Applicable,At,,False,False,50148,DELMAS AV,SAN CARLOS ST,37.32746748,-121.8956325
4508,698877,CR-0000100162,0,1,0,0,23-233-0576,False,False,310.0,2023-08-21 14:51:00,No Pedestrians Involved,Wet,Unknown,Daylight,Violation Driver 1,No Controls Present/Factor,Rain,Vehicle/Bike,Non-Related,Bike,Not Applicable,Not Applicable,East Of,BIKE,False,True,98493,GUADALUPE FR/WOZ WY,PARK AV,37.32943039,-121.8953348
4509,716038,CR-0000101878,0,0,0,0,23-007-4004,False,True,0.0,2023-01-06 12:30:00,No Pedestrians Involved,Unknown,Unknown,Unknown,Unknown,Unknown,Unknown,Sideswipe,Intersection,Other Vehicle,Not Applicable,Not Applicable,At,,False,False,98493,GUADALUPE FR/WOZ WY,PARK AV,37.32943039,-121.8953348
4510,711564,CR-0000101052,0,0,0,0,23-295-4001,False,True,0.0,2023-10-22 13:20:00,No Pedestrians Involved,Unknown,Unknown,Unknown,Unknown,Unknown,Unknown,Broadside,Intersection,Unknown,Not Applicable,Not Applicable,At,,False,False,88351,MARTHA ST,SECOND ST,37.32311892,-121.8794186
4529,698757,CR-0000100038,1,0,0,0,23-361-0783,False,False,0.0,2023-12-27 19:35:00,No Pedestrians Involved,Wet,No Unusual Conditions,Dark - Street Light,Violation Driver 1,Controls Functioning,Rain,Head On,Intersection,Other Vehicle,Not Applicable,Not Applicable,At,,False,False,103443,REED ST,TENTH ST,37.33161023,-121.8742732
4530,699190,CR-0000100510,2,0,0,0,23-180-0303,False,False,0.0,2023-06-29 10:18:00,No Pedestrians Involved,Dry,No Unusual Conditions,Daylight,Violation Driver 1,Controls Functioning,Clear,Broadside,Intersection,Other Vehicle,Not Applicable,Not Applicable,At,,False,False,103443,REED ST,TENTH ST,37.33161023,-121.8742732
4531,694721,CR-0000098763,1,0,0,0,23-225-0420,False,False,0.0,2023-08-13 13:07:00,No Pedestrians Involved,Dry,No Unusual Conditions,Daylight,Violation Driver 1,Controls Functioning,Clear,Sideswipe,Intersection,Other Vehicle,Not Applicable,Not Applicable,At,,False,False,103443,REED ST,TENTH ST,37.33161023,-121.8742732
4532,711583,CR-0000101570,0,0,0,0,23-361-4004,False,True,51.0,2023-12-27 14:20:00,No Pedestrians Involved,Unknown,Unknown,Unknown,Unknown,Unknown,Unknown,Broadside,Non-Related,Parked Vehicle,Not Applicable,Not Applicable,East Of,,False,False,55791,ELEVENTH ST,REED ST,37.33211514,-121.8732258
4538,699343,CR-0000100670,0,0,0,0,23-170-0682,False,False,30.0,2023-06-19 17:15:00,No Pedestrians Involved,Dry,No Unusual Conditions,Daylight,Violation Driver 1,Controls Functioning,Clear,Broadside,Related,Other Vehicle,Not Applicable,Not Applicable,South Of,,False,False,67649,GOLF DR,TOYON AV,37.38692499,-121.8303546
4542,712007,CR-0000101083,0,0,0,0,23-236-9709,False,True,0.0,2023-08-19 20:35:00,No Pedestrians Involved,Dry,No Unusual Conditions,Dark - Street Light,Unknown,Controls Functioning,Clear,Rear End,Intersection,Other Vehicle,Not Applicable,Not Applicable,At,,False,False,41403,COLEMAN RD,MERIDIAN AV,37.23788909,-121.8866491