,CrashFactId,Name,MinorInjuries,ModerateInjuries,SevereInjuries,FatalInjuries,TcrNumber,CityDamageFlag,ShortFormFlag,Distance,CrashDateTime,PedestrianAction,RoadwaySurface,RoadwayCondition,Lighting,PrimaryCollisionFactor,TrafficControl,Weather,CollisionType,ProximityToIntersection,VehicleInvolvedWith,PedestrianDirectionFrom,PedestrianDirectionTo,DirectionFromIntersection,Comment,SpeedingFlag,HitAndRunFlag,IntersectionNumber,AStreetName,BStreetName,Latitude,Longitude
4742,690625,CR-0000096746,0,0,0,0,23-001-0843,False,False,155.0,2023-01-01 20:45:00,No Pedestrians Involved,Dry,No Unusual Conditions,Dark - Street Light,Violation Driver 1,No Controls Present/Factor,Clear,Head On,Non-Related,Other Vehicle,Not Applicable,Not Applicable,West Of,,True,True,48839,DAVID AV,DE TRACEY ST,37.29755686,-121.9471434
4744,694787,CR-0000098824,1,0,0,0,23-213-0400,False,False,36.0,2023-08-01 11:53:00,No Pedestrians Involved,Dry,No Unusual Conditions,Daylight,Violation Driver 1,Controls Functioning,Clear,Rear End,Related,Other Vehicle,Not Applicable,Not Applicable,West Of,,False,False,93180,MOORPARK AV,THORNTON WY,37.31609452,-121.93873
4745,711752,CR-0000100889,0,0,0,0,23-200-9703,False,True,0.0,2023-07-18 21:33:00,No Pedestrians Involved,Dry,No Unusual Conditions,Dark - Street Light,Unknown,Controls Functioning,Clear,Broadside,Intersection,Other Vehicle,Not Applicable,Not Applicable,At,,False,False,93180,MOORPARK AV,THORNTON WY,37.31609452,-121.93873
4753,696389,CR-0000099547,0,0,0,0,23-142-4006,False,True,51.0,2023-05-22 10:20:00,No Pedestrians Involved,Unknown,Unknown,Daylight,Unknown,Unknown,Unknown,Broadside,Non-Related,Unknown,Not Applicable,Not Applicable,South Of,,False,False,85250,LOS FELICE DR,SARATOGA AV,37.29695218,-121.986031
4754,690710,CR-0000096847,0,1,0,0,23-091-0901,True,False,51.0,2023-01-19 22:48:00,No Pedestrians Involved,Dry,No Unusual Conditions,Dark - Street Light,Violation Driver 1,No Controls Present/Factor,Clear,Hit Object,Non-Related,Fixed Object,Not Applicable,Not Applicable,West Of,TREE,False,False,85250,LOS FELICE DR,SARATOGA AV,37.29695218,-121.986031
4755,690898,CR-0000097043,1,1,0,0,23-051-0565,False,False,0.0,2023-02-20 15:54:00,No Pedestrians Involved,Dry,No Unusual Conditions,Daylight,Violation Driver 1,Controls Functioning,Clear,Broadside,Intersection,Other Vehicle,Not Applicable,Not Applicable,At,,True,True,10020,ATHERTON AV,SARATOGA AV,37.29503806,-121.9881902
4759,696533,CR-0000099720,2,0,0,0,23-350-0283,False,False,350.0,2023-12-16 09:36:00,No Pedestrians Involved,Dry,No Unusual Conditions,Daylight,Violation Driver 1,Controls Functioning,Clear,Head On,Non-Related,Other Vehicle,Not Applicable,Not Applicable,East Of,,True,False,49125,DE MILLE DR,SARATOGA AV,37.30627464,-121.9781939
4760,698918,CR-0000100220,1,0,0,0,23-312-0232,False,False,0.0,2023-11-08 09:00:00,No Pedestrians Involved,Dry,No Unusual Conditions,Daylight,Violation Driver 1,Controls Functioning,Clear,Rear End,Intersection,Other Vehicle,Not Applicable,Not Applicable,At,,False,False,101200,PIPER DR,SARATOGA AV,37.30539622,-121.9785456
4761,696401,CR-0000099577,0,0,0,0,23-150-0345,True,False,0.0,2023-05-30 11:20:00,No Pedestrians Involved,Dry,No Unusual Conditions,Daylight,Violation Driver 1,No Controls Present/Factor,Clear,Hit Object,Intersection,Fixed Object,Not Applicable,Not Applicable,At,Light pole,True,False,107601,SARATOGA AV,VENICE DR,37.3048815,-121.9787954
4768,694740,CR-0000098747,0,0,0,0,23-224-0144,True,False,95.0,2023-08-12 03:40:00,No Pedestrians Involved,Dry,No Unusual Conditions,Dark - Street Light,Violation Driver 1,Controls Functioning,Clear,Hit Object,Non-Related,Fixed Object,Not Applicable,Not Applicable,North Of,TREE,False,True,62952,FOURTH ST,ROSEMARY ST,37.361535,-121.9052098
4770,695963,CR-0000099096,0,0,0,0,23-226-0079,False,False,264.0,2023-08-14 02:15:00,No Pedestrians Involved,Dry,No Unusual Conditions,Dark - Street Light,Violation Driver 1,No Controls Present/Factor,Clear,Overturned,Non-Related,Parked Vehicle,Not Applicable,Not Applicable,North Of,,True,True,62864,FOURTH ST,GISH RD,37.36338053,-121.9065734
4771,711746,CR-0000101372,0,0,0,0,23-308-0666,False,False,36.0,2023-11-04 19:00:00,No Pedestrians Involved,Dry,No Unusual Conditions,Dark - Street Light,Violation Driver 1,Controls Functioning,Clear,Rear End,Related,Other Vehicle,Not Applicable,Not Applicable,South Of,,True,True,62864,FOURTH ST,GISH RD,37.36338053,-121.9065734
4772,694708,CR-0000098770,1,0,1,0,23-238-0719,False,False,117.0,2023-08-26 18:46:00,No Pedestrians Involved,Dry,No Unusual Conditions,Daylight,Violation Driver 1,No Controls Present/Factor,Clear,Rear End,Non-Related,Other Vehicle,Not Applicable,Not Applicable,South Of,,True,False,62919,FOURTH ST,KOLL CI,37.36582334,-121.9083834
4774,696362,CR-0000099519,1,0,0,0,23-303-0591,False,False,29.0,2023-10-30 16:30:00,No Pedestrians Involved,Dry,No Unusual Conditions,Daylight,Violation Driver 1,Controls Functioning,Clear,Rear End,Related,Other Vehicle,Not Applicable,Not Applicable,East Of,,False,False,83159,LENFEST RD,MABURY RD,37.36520545,-121.8718485
4776,690833,CR-0000096972,0,0,0,0,23-009-0507,False,False,238.0,2023-01-09 14:16:00,No Pedestrians Involved,Wet,No Unusual Conditions,Daylight,Violation Driver 1,No Controls Present/Factor,Clear,Broadside,Non-Related,Other Vehicle,Not Applicable,Not Applicable,East Of,,True,True,119866,COMMERCIAL CT,COMMERCIAL ST,37.36787934,-121.886717
4777,694149,CR-0000098162,1,0,0,0,23-144-0697,False,False,772.0,2023-05-24 16:09:00,No Pedestrians Involved,Dry,No Unusual Conditions,Daylight,Violation Driver 1,No Controls Present/Factor,Clear,Broadside,Non-Related,Motorcycle,Not Applicable,Not Applicable,West Of,,False,False,119866,COMMERCIAL CT,COMMERCIAL ST,37.36787934,-121.886717
4778,696293,CR-0000099449,0,1,0,0,23-286-0445,False,False,120.0,2023-10-13 14:00:00,No Pedestrians Involved,Dry,No Unusual Conditions,Daylight,Violation Driver 1,No Controls Present/Factor,Clear,Head On,Non-Related,Other Vehicle,Not Applicable,Not Applicable,West Of,,False,False,119866,COMMERCIAL CT,COMMERCIAL ST,37.36787934,-121.886717
4784,712035,CR-0000101333,0,0,0,0,24-005-9708,False,True,51.0,2023-12-03 14:30:00,No Pedestrians Involved,Unknown,No Unusual Conditions,Daylight,Unknown,No Controls Present/Factor,Clear,Sideswipe,Non-Related,Parked Vehicle,Not Applicable,Not Applicable,West Of,,False,False,38389,CHESTNUT ST,HEDDING ST,37.34539329,-121.9163591
4786,696461,CR-0000099638,1,1,0,0,23-331-0609,False,False,0.0,2023-11-27 14:55:00,No Pedestrians Involved,Dry,No Unusual Conditions,Daylight,Violation Driver 1,No Controls Present/Factor,Clear,Head On,Intersection,Other Vehicle,Not Applicable,Not Applicable,At,,False,False,38389,CHESTNUT ST,HEDDING ST,37.34539329,-121.9163591
4787,694330,CR-0000098274,3,0,0,0,23-181-0431,False,False,0.0,2023-06-30 14:16:00,No Pedestrians Involved,Dry,No Unusual Conditions,Daylight,Violation Driver 1,Controls Functioning,Clear,Broadside,Intersection,Other Vehicle,Not Applicable,Not Applicable,At,,False,False,38389,CHESTNUT ST,HEDDING ST,37.34539329,-121.9163591
4790,696151,CR-0000099293,0,0,0,0,23-097-0850,False,False,0.0,2023-04-07 21:30:00,No Pedestrians Involved,Dry,No Unusual Conditions,Dark - Street Light,Violation Driver 1,Controls Functioning,Clear,Sideswipe,Intersection,Other Vehicle,Not Applicable,Not Applicable,At,,False,True,95182,NEET AV,WALGROVE WY,37.30646802,-121.9479942
4793,711680,CR-0000100973,0,0,0,0,23-248-9703,False,False,51.0,2023-09-04 23:00:00,No Pedestrians Involved,Dry,No Unusual Conditions,Dark - Street Light,Unknown,No Controls Present/Factor,Clear,Broadside,Non-Related,Parked Vehicle,Not Applicable,Not Applicable,South Of,,False,True,97426,OLDWELL CT,SAGEWELL WY,37.24952375,-121.7893532
4801,694085,CR-0000097913,0,2,0,0,23-120-0409,False,False,0.0,2023-04-30 12:30:00,No Pedestrians Involved,Dry,No Unusual Conditions,Daylight,Violation Driver 1,No Controls Present/Factor,Clear,Rear End,Intersection,Motor Vehicle On Other Roadway,Not Applicable,Not Applicable,At,,True,False,37509,CHERRY AV,EDGAR CT,37.25804557,-121.880133
4803,711661,CR-0000101533,0,0,0,0,23-359-0151,False,False,236.0,2023-12-25 02:54:00,No Pedestrians Involved,Dry,No Unusual Conditions,Dark - Street Light,Violation Driver 1,No Controls Present/Factor,Clear,Rear End,Non-Related,Parked Vehicle,Not Applicable,Not Applicable,West Of,,False,False,82378,LAUSETT AV,SCHARFF AV,37.35570188,-121.843775
4804,699147,CR-0000100464,0,0,0,0,23-156-0821,False,False,120.0,2023-06-05 18:46:00,No Pedestrians Involved,Dry,No Unusual Conditions,Daylight,Violation Driver 1,No Controls Present/Factor,Clear,Broadside,Non-Related,Parked Vehicle,Not Applicable,Not Applicable,East Of,,False,True,82389,LAUSETT AV,SUNSET AV,37.35384309,-121.8476806
4805,696292,CR-0000099448,0,1,0,0,23-287-0696,False,False,0.0,2023-10-14 17:50:00,No Pedestrians Involved,Dry,No Unusual Conditions,Daylight,Violation Driver 1,Controls Functioning,Clear,Vehicle/Bike,Intersection,Bike,Not Applicable,Not Applicable,At,BIKE,True,False,6038,ALUM ROCK AV,JOSE FIGUERES AV,37.35693676,-121.8468194
4806,695955,CR-0000099088,0,0,0,0,23-225-0956,True,False,140.0,2023-08-13 23:59:00,No Pedestrians Involved,Dry,No Unusual Conditions,Dark - Street Light,Violation Driver 1,Controls Functioning,Clear,Hit Object,Non-Related,Fixed Object,Not Applicable,Not Applicable,West Of,,True,True,6038,ALUM ROCK AV,JOSE FIGUERES AV,37.35693676,-121.8468194
4811,712094,CR-0000101235,0,0,0,0,23-306-0359,False,False,36.0,2023-11-02 11:20:00,No Pedestrians Involved,Dry,No Unusual Conditions,Daylight,Violation Driver 1,Controls Functioning,Clear,Rear End,Related,Other Vehicle,Not Applicable,Not Applicable,East Of,,False,False,6038,ALUM ROCK AV,JOSE FIGUERES AV,37.35693676,-121.8468194
4828,690702,CR-0000096839,0,1,0,0,23-022-0138,False,False,177.0,2023-01-22 02:02:00,No Pedestrians Involved,Dry,No Unusual Conditions,Dark - Street Light,Violation Driver 1,No Controls Present/Factor,Clear,Rear End,Non-Related,Other Vehicle,Not Applicable,Not Applicable,South Of,,True,True,6027,ALUM ROCK AV,JACKSON AV,37.35851529,-121.843495
4829,690543,CR-0000096664,0,1,0,0,23-006-0512,False,False,0.0,2023-01-06 14:47:00,No Pedestrians Involved,Dry,No Unusual Conditions,Daylight,Bike At Fault,Controls Functioning,Clear,Vehicle/Bike,Intersection,Bike,Not Applicable,Not Applicable,At,BIKE,False,False,6027,ALUM ROCK AV,JACKSON AV,37.35851529,-121.843495
4830,694119,CR-0000098104,1,0,0,0,23-113-0869,False,False,0.0,2023-04-23 22:30:00,Crossing In Crosswalk - At Intersection,Dry,No Unusual Conditions,Dark - Street Light,Pedestrian At Fault,Controls Functioning,Clear,Vehicle/Pedestrian,Intersection,Pedestrian,South,North,At,PED,False,False,6027,ALUM ROCK AV,JACKSON AV,37.35851529,-121.843495
4831,691166,CR-0000097368,0,0,0,0,23-036-0159,False,False,23.0,2023-02-05 04:05:00,No Pedestrians Involved,Wet,No Unusual Conditions,Dark - Street Light,Violation Driver 1,Controls Functioning,Clear,Hit Object,Related,Fixed Object,Not Applicable,Not Applicable,West Of,,True,True,6027,ALUM ROCK AV,JACKSON AV,37.35851529,-121.843495
4832,691304,CR-0000097549,1,0,0,0,23-024-0259,False,False,,2023-01-24 09:39:00,No Pedestrians Involved,Dry,No Unusual Conditions,Daylight,Violation Driver 1,Controls Functioning,Clear,Rear End,Related,Other Vehicle,Not Applicable,Not Applicable,East Of,,True,False,6027,ALUM ROCK AV,JACKSON AV,37.35851529,-121.843495
4833,692428,CR-0000097712,0,1,0,0,23-082-0956,False,False,0.0,2023-03-23 22:38:00,No Pedestrians Involved,Wet,No Unusual Conditions,Dark - Street Light Not Functioning,Bike At Fault,Controls Functioning,Cloudy,Vehicle/Bike,Intersection,Bike,Not Applicable,Not Applicable,At,BIKE,False,False,6027,ALUM ROCK AV,JACKSON AV,37.35851529,-121.843495
4834,696017,CR-0000099152,2,1,0,0,23-188-0743,False,False,0.0,2023-07-07 19:00:00,No Pedestrians Involved,Unknown,No Unusual Conditions,Daylight,Violation Driver 1,Controls Functioning,Clear,Broadside,Intersection,Other Vehicle,Not Applicable,Not Applicable,At,,True,False,6027,ALUM ROCK AV,JACKSON AV,37.35851529,-121.843495
4835,695797,CR-0000098862,1,0,0,0,23-251-0367,False,False,43.0,2023-09-08 11:30:00,No Pedestrians Involved,Dry,No Unusual Conditions,Daylight,Violation Driver 1,No Controls Present/Factor,Clear,Rear End,Related,Other Vehicle,Not Applicable,Not Applicable,South Of,,True,False,6027,ALUM ROCK AV,JACKSON AV,37.35851529,-121.843495
4836,697606,CR-0000099845,1,0,0,0,23-291-0638,False,False,0.0,2023-10-18 16:00:00,No Pedestrians Involved,Dry,No Unusual Conditions,Daylight,Violation Driver 1,Controls Not Functioning,Clear,Broadside,Intersection,Motor Vehicle On Other Roadway,Not Applicable,Not Applicable,At,,False,False,6027,ALUM ROCK AV,JACKSON AV,37.35851529,-121.843495
4840,716013,CR-0000101838,2,0,0,0,23-354-0480,False,False,24.0,2023-12-20 14:41:00,No Pedestrians Involved,Wet,No Unusual Conditions,Daylight,Violation Driver 1,Controls Functioning,Rain,Broadside,Related,Other Vehicle,Not Applicable,Not Applicable,East Of,,True,False,6027,ALUM ROCK AV,JACKSON AV,37.35851529,-121.843495
4841,698704,CR-0000099953,0,1,0,1,23-295-0093,False,False,272.0,2023-10-22 01:00:00,No Pedestrians Involved,Dry,No Unusual Conditions,Dark - Street Light,Violation Driver 1,Controls Functioning,Clear,Broadside,Non-Related,Motorcycle,Not Applicable,Not Applicable,North Of,,False,False,75998,JACKSON AV,LUZ AV,37.3595793,-121.8446042
4842,691348,CR-0000097596,0,1,0,0,23-089-0847,False,False,0.0,2023-03-30 19:49:00,No Pedestrians Involved,Dry,No Unusual Conditions,Daylight,Violation Driver 1,Controls Functioning,Clear,Vehicle/Pedestrian,Intersection,Pedestrian,Not Applicable,Not Applicable,At,PED,False,True,75998,JACKSON AV,LUZ AV,37.3595793,-121.8446042
4843,696030,CR-0000099165,1,0,0,0,23-197-0052,False,False,0.0,2023-07-16 00:30:00,No Pedestrians Involved,Dry,No Unusual Conditions,Dark - Street Light,Violation Driver 1,No Controls Present/Factor,Clear,Broadside,Intersection,Other Vehicle,Not Applicable,Not Applicable,At,,False,False,86228,LYNETTE WY,SAN ANTONIO ST,37.35094968,-121.8503758
4845,698863,CR-0000100146,2,0,0,0,23-364-0651,False,False,0.0,2023-12-30 19:44:00,No Pedestrians Involved,Wet,No Unusual Conditions,Dark - Street Light,Violation Driver 1,Controls Functioning,Cloudy,Rear End,Intersection,Other Vehicle,Not Applicable,Not Applicable,At,,True,False,13639,BARRYMORE DR,SARATOGA AV,37.30358277,-121.9795394
4846,696547,CR-0000099743,1,0,0,0,23-350-0678,False,False,51.0,2023-12-16 18:00:00,No Pedestrians Involved,Dry,No Unusual Conditions,Dark - Street Light,Violation Driver 1,Controls Functioning,Cloudy,Sideswipe,Non-Related,Other Vehicle,Not Applicable,Not Applicable,South Of,,False,True,52360,DOYLE RD/SAN TOMAS AQUINO RD,SARATOGA AV,37.30284709,-121.9800529
4847,696179,CR-0000099323,1,0,0,0,23-145-9702,False,True,,2023-05-19 21:00:00,In Road - Includes Shoulder,Dry,No Unusual Conditions,Dark - Street Light,Unknown,Controls Functioning,Clear,Vehicle/Pedestrian,Related,Pedestrian,No Direction (Not Walking),No Direction (Not Walking),West Of,PED,False,False,52360,DOYLE RD/SAN TOMAS AQUINO RD,SARATOGA AV,37.30284709,-121.9800529
4848,692470,CR-0000097758,0,0,0,0,23-080-9707,False,True,0.0,2023-03-14 19:05:00,No Pedestrians Involved,Wet,No Unusual Conditions,Daylight,Unknown,Controls Functioning,Rain,Rear End,Intersection,Other Vehicle,Not Applicable,Not Applicable,At,,False,False,52360,DOYLE RD/SAN TOMAS AQUINO RD,SARATOGA AV,37.30284709,-121.9800529
4849,694201,CR-0000097952,2,0,0,0,23-076-0268,False,False,36.0,2023-03-17 09:15:00,No Pedestrians Involved,Dry,No Unusual Conditions,Daylight,Violation Driver 1,Controls Functioning,Clear,Rear End,Related,Other Vehicle,Not Applicable,Not Applicable,South Of,,True,False,52360,DOYLE RD/SAN TOMAS AQUINO RD,SARATOGA AV,37.30284709,-121.9800529
4854,715882,CR-0000101760,0,0,0,0,23-027-9701,False,True,51.0,2023-01-26 18:05:00,No Pedestrians Involved,Dry,No Unusual Conditions,Dark - Street Light,Unknown,Unknown,Clear,Rear End,Non-Related,Other Vehicle,Not Applicable,Not Applicable,South Of,,False,False,52360,DOYLE RD/SAN TOMAS AQUINO RD,SARATOGA AV,37.30284709,-121.9800529
4856,715821,CR-0000101824,0,0,0,0,23-133-4000,False,True,0.0,2023-05-13 09:05:00,No Pedestrians Involved,Unknown,Unknown,Unknown,Unknown,Unknown,Unknown,Rear End,Related,Other Vehicle,Not Applicable,Not Applicable,At,,False,False,99483,PAYNE AV,SARATOGA AV,37.30087689,-121.9817338
4858,694299,CR-0000098207,0,1,0,0,23-149-0531,False,False,0.0,2023-05-29 15:53:00,No Pedestrians Involved,Dry,No Unusual Conditions,Daylight,Violation Driver 1,Controls Functioning,Clear,Broadside,Intersection,Other Vehicle,Not Applicable,Not Applicable,At,,True,False,99483,PAYNE AV,SARATOGA AV,37.30087689,-121.9817338
4859,696361,CR-0000099518,1,0,0,0,23-303-0517,False,False,0.0,2023-10-30 14:53:00,No Pedestrians Involved,Dry,No Unusual Conditions,Daylight,Violation Driver 1,Controls Functioning,Clear,Rear End,Intersection,Other Vehicle,Not Applicable,Not Applicable,At,,True,False,99483,PAYNE AV,SARATOGA AV,37.30087689,-121.9817338
4860,694763,CR-0000098800,1,0,0,0,23-216-0149,False,False,275.0,2023-08-04 07:01:00,No Pedestrians Involved,Dry,No Unusual Conditions,Daylight,Violation Driver 1,Controls Functioning,Clear,Rear End,Non-Related,Other Vehicle,Not Applicable,Not Applicable,North Of,,True,False,99483,PAYNE AV,SARATOGA AV,37.30087689,-121.9817338
4863,692579,CR-0000097870,0,0,0,0,23-043-0710,False,False,130.0,2023-02-12 21:18:00,No Pedestrians Involved,Dry,No Unusual Conditions,Dark - Street Light,Violation Driver 1,No Controls Present/Factor,Clear,Sideswipe,Non-Related,Parked Vehicle,Not Applicable,Not Applicable,West Of,,True,True,26927,BUENA VISTA AV,SCOTT ST,37.31965762,-121.9190115
4873,696066,CR-0000099201,0,0,0,0,23-030-4004,False,True,51.0,2023-01-30 18:50:00,No Pedestrians Involved,Unknown,Unknown,Unknown,Unknown,Unknown,Unknown,Other,Non-Related,Parked Vehicle,Not Applicable,Not Applicable,North Of,,False,False,62710,FOURTEENTH ST,JULIAN ST,37.34690023,-121.8804455
4874,698708,CR-0000099957,2,1,0,0,23-147-0448,False,False,0.0,2023-05-27 13:21:00,No Pedestrians Involved,Dry,No Unusual Conditions,Daylight,Violation Driver 1,Unknown,Clear,Broadside,Intersection,Other Vehicle,Not Applicable,Not Applicable,At,,False,False,62710,FOURTEENTH ST,JULIAN ST,37.34690023,-121.8804455
4875,695837,CR-0000098902,0,0,0,0,23-091-0288,True,False,0.0,2023-04-01 10:32:00,No Pedestrians Involved,Dry,No Unusual Conditions,Daylight,Violation Driver 1,No Controls Present/Factor,Clear,Hit Object,Intersection,Fixed Object,Not Applicable,Not Applicable,At,SIGN,True,True,110384,ST JAMES ST,TWENTY FIFTH ST,37.35008308,-121.8694059
4877,690893,CR-0000097037,0,0,0,0,23-017-4008,False,False,51.0,2023-01-17 16:30:00,No Pedestrians Involved,Unknown,Unknown,Unknown,Unknown,Unknown,Unknown,Other,Non-Related,Other Vehicle,Unknown,Unknown,South Of,,False,False,110384,ST JAMES ST,TWENTY FIFTH ST,37.35008308,-121.8694059
4878,691281,CR-0000097526,0,0,0,0,23-052-4002,False,True,51.0,2023-02-20 23:59:00,No Pedestrians Involved,Unknown,Unknown,Unknown,Unknown,Unknown,Unknown,Sideswipe,Non-Related,Parked Vehicle,Not Applicable,Not Applicable,North Of,,False,False,110384,ST JAMES ST,TWENTY FIFTH ST,37.35008308,-121.8694059
4879,712114,CR-0000100903,0,0,0,0,23-201-4001,False,True,,2023-07-19 21:15:00,No Pedestrians Involved,Unknown,Unknown,Unknown,Unknown,Unknown,Unknown,Other,Related,Parked Vehicle,Not Applicable,Not Applicable,East Of,,False,False,71026,HAWTHORNE WY,SAN PEDRO ST,37.3437707,-121.899335
4880,719652,CR-0000102823,0,0,0,0,23-005-0685,False,False,0.0,2023-01-05 17:36:00,Crossing In Crosswalk - At Intersection,Wet,No Unusual Conditions,Dark - Street Light,Violation Driver 1,Controls Functioning,Cloudy,Vehicle/Pedestrian,Intersection,Pedestrian,North,South,At,PED,False,False,107062,SANTA CLARA ST,SEVENTEENTH ST,37.34385397,-121.8743809
4883,694464,CR-0000098429,0,1,0,0,23-152-0998,False,False,0.0,2023-06-01 22:40:00,No Pedestrians Involved,Dry,No Unusual Conditions,Dark - Street Light,Bike At Fault,Controls Functioning,Clear,Vehicle/Bike,Intersection,Bike,Not Applicable,Not Applicable,At,BIKE,False,False,95842,NINETEENTH ST,SANTA CLARA ST,37.34473696,-121.8725331
4884,694574,CR-0000098598,0,0,1,0,23-182-0988,False,False,43.0,2023-07-01 22:28:00,No Pedestrians Involved,Dry,No Unusual Conditions,Dark - Street Light,Violation Driver 1,No Controls Present/Factor,Clear,Vehicle/Bike,Related,Bike,Not Applicable,Not Applicable,East Of,BIKE,False,False,95842,NINETEENTH ST,SANTA CLARA ST,37.34473696,-121.8725331
4890,694056,CR-0000098035,1,0,0,0,23-108-0625,False,False,152.0,2023-04-18 16:37:00,No Pedestrians Involved,Dry,No Unusual Conditions,Daylight,Violation Driver 1,No Controls Present/Factor,Clear,Rear End,Non-Related,Other Vehicle,Not Applicable,Not Applicable,North Of,,False,True,79386,KING RD,LAS PLUMAS AV,37.36248591,-121.8651495
4891,690696,CR-0000096831,0,0,1,0,23-028-0145,False,False,0.0,2023-01-28 02:58:00,No Pedestrians Involved,Dry,No Unusual Conditions,Dark - Street Light,Violation Driver 1,Controls Functioning,Clear,Broadside,Intersection,Other Vehicle,Not Applicable,Not Applicable,At,,False,True,79386,KING RD,LAS PLUMAS AV,37.36248591,-121.8651495
4894,696555,CR-0000099752,0,1,0,0,23-341-0491,False,False,150.0,2023-12-07 12:45:00,No Pedestrians Involved,Dry,No Unusual Conditions,Daylight,Violation Driver 1,Unknown,Clear,Vehicle/Bike,Non-Related,Bike,Not Applicable,Not Applicable,West Of,BIKE,False,True,104389,ROBERTS AV,STORY RD,37.32880286,-121.859436
4895,698850,CR-0000100133,1,0,0,0,23-336-0504,False,False,27.0,2023-12-02 15:20:00,No Pedestrians Involved,Dry,No Unusual Conditions,Daylight,Violation Driver 1,Controls Functioning,Cloudy,Rear End,Related,Other Vehicle,Not Applicable,Not Applicable,West Of,,True,True,104389,ROBERTS AV,STORY RD,37.32880286,-121.859436
4896,699095,CR-0000100410,0,0,0,0,23-160-0962,False,False,99.0,2023-06-10 08:31:00,No Pedestrians Involved,Dry,No Unusual Conditions,Dark - Street Light,Violation Driver 1,Controls Functioning,Clear,Head On,Non-Related,Other Vehicle,Not Applicable,Not Applicable,South Of,,False,False,104389,ROBERTS AV,STORY RD,37.32880286,-121.859436
4899,695918,CR-0000099046,0,0,0,0,23-218-4000,False,True,,2023-08-05 22:45:00,No Pedestrians Involved,Unknown,Unknown,Unknown,Unknown,Unknown,Unknown,Other,Related,Parked Vehicle,Not Applicable,Not Applicable,Unknown,,False,False,62512,FORRESTAL AV,GISH RD,37.3602881,-121.9126791
4901,711740,CR-0000101404,0,0,0,0,23-309-0522,False,False,50.0,2023-11-05 15:00:00,No Pedestrians Involved,Dry,No Unusual Conditions,Daylight,Violation Driver 1,No Controls Present/Factor,Clear,Sideswipe,Related,Other Vehicle,Not Applicable,Not Applicable,North Of,,False,True,16543,BENDORF DR,CARRYBACK AV,37.25931261,-121.8019657
4902,699476,CR-0000100775,1,0,0,0,23-201-0886,False,False,0.0,2023-07-20 21:30:00,No Pedestrians Involved,Dry,Unknown,Unknown,Violation Driver 1,Controls Functioning,Clear,Rear End,Intersection,Other Vehicle,Not Applicable,Not Applicable,At,,True,True,20349,BLOSSOM HILL RD,PLAYA DEL REY,37.25031501,-121.852909
4903,695831,CR-0000098896,0,0,0,0,23-097-9705,False,True,0.0,2023-04-04 20:35:00,No Pedestrians Involved,Dry,No Unusual Conditions,Dark - Street Light,Unknown,Controls Functioning,Clear,Broadside,Intersection,Other Vehicle,Not Applicable,Not Applicable,At,,False,False,20349,BLOSSOM HILL RD,PLAYA DEL REY,37.25031501,-121.852909
4908,699267,CR-0000100590,0,0,0,0,23-163-4003,False,True,51.0,2023-06-11 12:00:00,Unknown,Unknown,Unknown,Unknown,Unknown,Unknown,Unknown,Other,Non-Related,Unknown,Unknown,Unknown,East Of,,False,False,58101,EZIE ST,SENTER RD,37.27811209,-121.8313986
4911,696015,CR-0000099150,0,0,0,0,23-196-0054,False,False,30.0,2023-07-15 00:58:00,No Pedestrians Involved,Dry,No Unusual Conditions,Dark - Street Light,Violation Driver 1,No Controls Present/Factor,Clear,Rear End,Related,Parked Vehicle,Not Applicable,Not Applicable,East Of,,False,True,55164,EL GRANDE DR,VISTA OAK,37.3940221,-121.8333956
4912,696319,CR-0000099475,0,1,0,0,23-291-0206,False,False,0.0,2023-10-18 08:20:00,No Pedestrians Involved,Dry,No Unusual Conditions,Daylight,Violation Driver 1,No Controls Present/Factor,Clear,Vehicle/Bike,Intersection,Bike,Not Applicable,Not Applicable,At,BIKE,False,False,61038,FLEUR DE LIS CT,PIEDMONT RD,37.39333444,-121.8438222
4913,694247,CR-0000098144,2,0,0,0,23-130-0331,False,False,0.0,2023-05-10 08:32:00,No Pedestrians Involved,Dry,No Unusual Conditions,Daylight,Violation Driver 1,Controls Obscured,Cloudy,Head On,Intersection,Other Vehicle,Not Applicable,Not Applicable,At,,False,False,46529,CUESTA DR,FLINT AV,37.34201691,-121.7940249
4915,699114,CR-0000100430,0,0,0,0,23-157-0799,False,False,142.0,2023-06-06 08:23:00,No Pedestrians Involved,Dry,No Unusual Conditions,Daylight,Violation Driver 1,No Controls Present/Factor,Clear,Sideswipe,Non-Related,Parked Vehicle,Not Applicable,Not Applicable,South Of,,True,False,55494,EL VISTA WY,SAN RIVAS DR,37.33376593,-121.7920569
4916,698885,CR-0000100182,0,1,0,0,23-333-0731,False,False,170.0,2023-11-29 18:03:00,No Pedestrians Involved,Dry,No Unusual Conditions,Dark - Street Light,Violation Driver 1,Controls Functioning,Clear,Rear End,Non-Related,Other Vehicle,Not Applicable,Not Applicable,East Of,,True,True,49664,DEL MAR AV,FRUITDALE AV,37.31068741,-121.9304667
4917,698783,CR-0000100064,1,0,0,0,23-338-0648,False,False,0.0,2023-12-04 15:45:00,No Pedestrians Involved,Dry,No Unusual Conditions,Daylight,Violation Driver 1,Controls Functioning,Clear,Broadside,Intersection,Other Vehicle,Not Applicable,Not Applicable,At,,False,False,49664,DEL MAR AV,FRUITDALE AV,37.31068741,-121.9304667