,CrashFactId,Name,MinorInjuries,ModerateInjuries,SevereInjuries,FatalInjuries,TcrNumber,CityDamageFlag,ShortFormFlag,Distance,CrashDateTime,PedestrianAction,RoadwaySurface,RoadwayCondition,Lighting,PrimaryCollisionFactor,TrafficControl,Weather,CollisionType,ProximityToIntersection,VehicleInvolvedWith,PedestrianDirectionFrom,PedestrianDirectionTo,DirectionFromIntersection,Comment,SpeedingFlag,HitAndRunFlag,IntersectionNumber,AStreetName,BStreetName,Latitude,Longitude
7169,691334,CR-0000097581,0,0,0,0,23-068-4003,False,True,51.0,2023-03-01 06:50:00,No Pedestrians Involved,Unknown,Unknown,Unknown,Unknown,Unknown,Unknown,Sideswipe,Non-Related,Parked Vehicle,Not Applicable,Not Applicable,East Of,,False,False,38576,CHEYENNE LN,CHINOOK LN,37.24423964,-121.8343495
7170,711616,CR-0000100991,0,0,0,0,23-261-0170,False,False,0.0,2023-09-18 07:33:00,No Pedestrians Involved,Dry,No Unusual Conditions,Daylight,Violation Driver 1,Controls Functioning,Clear,Rear End,Intersection,Other Vehicle,Not Applicable,Not Applicable,At,,False,False,28544,CALERO AV,SNELL AV,37.24207351,-121.8306876
7173,690744,CR-0000096881,1,0,0,0,23-020-0972,False,False,169.0,2023-01-20 19:00:00,No Pedestrians Involved,Dry,No Unusual Conditions,Dark - Street Light,Violation Driver 1,No Controls Present/Factor,Clear,Sideswipe,Non-Related,Parked Vehicle,Not Applicable,Not Applicable,North Of,,False,False,121990,FORD RD,SUNSPRING CI,37.2537943,-121.7960222
7184,690677,CR-0000096811,0,1,0,0,23-012-0224,False,False,200.0,2023-01-12 09:08:00,No Pedestrians Involved,Dry,No Unusual Conditions,Daylight,Unknown,No Controls Present/Factor,Clear,Vehicle/Bike,Non-Related,Bike,Not Applicable,Not Applicable,North Of,BIKE,False,False,17390,BERRYESSA RD,CAPITOL AV,37.38655812,-121.8605608
7185,690994,CR-0000097165,0,0,0,0,23-042-4000,False,True,,2023-02-11 11:35:00,No Pedestrians Involved,Unknown,Unknown,Daylight,Unknown,Unknown,Unknown,Rear End,Related,Other Vehicle,Not Applicable,Not Applicable,South Of,,False,False,17390,BERRYESSA RD,CAPITOL AV,37.38655812,-121.8605608
7186,690761,CR-0000096898,1,0,0,0,23-008-0329,False,False,235.0,2023-01-08 11:57:00,No Pedestrians Involved,Dry,No Unusual Conditions,Daylight,Violation Driver 1,No Controls Present/Factor,Clear,Vehicle/Bike,Non-Related,Bike,Not Applicable,Not Applicable,North Of,BIKE,False,False,17390,BERRYESSA RD,CAPITOL AV,37.38655812,-121.8605608
7192,692464,CR-0000097752,1,0,0,0,23-072-0899,False,False,0.0,2023-03-13 19:54:00,No Pedestrians Involved,Wet,No Unusual Conditions,Dark - Street Light,Violation Driver 1,Controls Functioning,Clear,Head On,Intersection,Other Vehicle,Not Applicable,Not Applicable,At,,True,False,17390,BERRYESSA RD,CAPITOL AV,37.38655812,-121.8605608
7193,691070,CR-0000097243,1,0,0,0,23-057-0756,False,False,0.0,2023-02-26 20:25:00,No Pedestrians Involved,Wet,No Unusual Conditions,Dark - Street Light,Violation Driver 1,Controls Functioning,Rain,Broadside,Intersection,Other Vehicle,Not Applicable,Not Applicable,At,,False,False,17390,BERRYESSA RD,CAPITOL AV,37.38655812,-121.8605608
7194,694335,CR-0000098279,1,0,0,0,23-172-0080,False,False,27.0,2023-06-21 02:23:00,No Pedestrians Involved,Dry,No Unusual Conditions,Dark - Street Light,Bike At Fault,Controls Functioning,Clear,Vehicle/Bike,Related,Bike,Not Applicable,Not Applicable,West Of,BIKE,False,False,17390,BERRYESSA RD,CAPITOL AV,37.38655812,-121.8605608
7195,694535,CR-0000098529,1,0,0,0,23-195-0582,False,False,150.0,2023-07-14 16:26:00,No Pedestrians Involved,Dry,No Unusual Conditions,Daylight,Violation Driver 1,Controls Functioning,Clear,Hit Object,Non-Related,Fixed Object,Not Applicable,Not Applicable,East Of,,True,True,17390,BERRYESSA RD,CAPITOL AV,37.38655812,-121.8605608
7196,694090,CR-0000098004,1,0,0,0,23-100-0762,False,False,223.0,2023-04-10 17:08:00,No Pedestrians Involved,Dry,Unknown,Daylight,Violation Driver 1,No Controls Present/Factor,Clear,Vehicle/Bike,Non-Related,Bike,Not Applicable,Not Applicable,North Of,BIKE,False,False,17390,BERRYESSA RD,CAPITOL AV,37.38655812,-121.8605608
7197,711783,CR-0000101463,0,0,0,0,23-259-9706,False,True,,2023-09-15 17:07:00,No Pedestrians Involved,Dry,No Unusual Conditions,Daylight,Unknown,Controls Functioning,Clear,Sideswipe,Non-Related,Other Vehicle,Not Applicable,Not Applicable,Unknown,,False,False,17390,BERRYESSA RD,CAPITOL AV,37.38655812,-121.8605608
7198,696243,CR-0000099390,1,1,0,0,23-175-0974,False,False,181.0,2023-05-24 23:36:00,No Pedestrians Involved,Dry,No Unusual Conditions,Dark - No Street Light,Violation Driver 1,Controls Functioning,Clear,Broadside,Non-Related,Other Vehicle,Not Applicable,Not Applicable,North Of,,False,False,17390,BERRYESSA RD,CAPITOL AV,37.38655812,-121.8605608
7199,696393,CR-0000099570,0,0,0,0,23-149-0411,False,False,246.0,2023-05-29 12:50:00,No Pedestrians Involved,Dry,No Unusual Conditions,Daylight,Violation Driver 1,No Controls Present/Factor,Clear,Broadside,Non-Related,Other Vehicle,Not Applicable,Not Applicable,East Of,,False,True,17390,BERRYESSA RD,CAPITOL AV,37.38655812,-121.8605608
7200,695999,CR-0000099134,0,0,0,0,23-228-4001,False,True,,2023-08-16 08:05:00,No Pedestrians Involved,Unknown,Unknown,Unknown,Unknown,Unknown,Unknown,Rear End,Related,Other Vehicle,Not Applicable,Not Applicable,Unknown,,False,False,17390,BERRYESSA RD,CAPITOL AV,37.38655812,-121.8605608
7201,712182,CR-0000101613,0,0,0,0,23-353-4012,False,True,51.0,2023-12-19 14:09:00,No Pedestrians Involved,Unknown,Unknown,Unknown,Unknown,Unknown,Unknown,Sideswipe,Non-Related,Other Vehicle,Not Applicable,Not Applicable,West Of,,False,False,17390,BERRYESSA RD,CAPITOL AV,37.38655812,-121.8605608
7209,716010,CR-0000101962,1,0,0,0,24-060-9705,False,True,0.0,2023-11-27 21:30:00,No Pedestrians Involved,Dry,No Unusual Conditions,Dark - Street Light,Unknown,Unknown,Clear,Rear End,Intersection,Other Vehicle,Not Applicable,Not Applicable,At,,False,False,32548,CAPITOL AV,OHLONE DR,37.38830451,-121.8623186
7210,694639,CR-0000098672,1,0,0,0,23-210-0761,False,False,0.0,2023-07-29 20:01:00,No Pedestrians Involved,Dry,No Unusual Conditions,Daylight,Violation Driver 1,Controls Functioning,Clear,Sideswipe,Intersection,Other Vehicle,Not Applicable,Not Applicable,At,,False,False,32548,CAPITOL AV,OHLONE DR,37.38830451,-121.8623186
7211,692588,CR-0000097879,0,1,0,0,23-116-0567,False,False,18.0,2023-04-26 15:44:00,No Pedestrians Involved,Dry,No Unusual Conditions,Daylight,Violation Driver 1,Controls Functioning,Clear,Vehicle/Bike,Related,Bike,Not Applicable,Not Applicable,South Of,BIKE,False,False,32548,CAPITOL AV,OHLONE DR,37.38830451,-121.8623186
7219,711735,CR-0000101160,0,0,0,0,23-328-4002,False,True,51.0,2023-11-22 09:00:00,No Pedestrians Involved,Unknown,Unknown,Unknown,Unknown,Unknown,Unknown,Broadside,Non-Related,Other Vehicle,Not Applicable,Not Applicable,South Of,,False,False,25893,BROKAW RD,JUNCTION AV,37.37993941,-121.9091617
7220,715877,CR-0000101801,0,0,0,0,23-136-0116,False,False,0.0,2023-05-16 00:44:00,No Pedestrians Involved,Dry,Reduced Roadway Width,Dark - Street Light,Violation Driver 1,No Controls Present/Factor,Clear,Rear End,Intersection,Other Vehicle,Not Applicable,Not Applicable,At,,True,False,25893,BROKAW RD,JUNCTION AV,37.37993941,-121.9091617
7222,698753,CR-0000100006,1,0,0,0,23-266-0294,False,False,224.0,2023-09-23 10:20:00,No Pedestrians Involved,Dry,No Unusual Conditions,Daylight,Violation Driver 1,No Controls Present/Factor,Clear,Sideswipe,Non-Related,Other Vehicle,Not Applicable,Not Applicable,West Of,,False,False,25915,BROKAW RD,ROGERS AV,37.37872185,-121.9110752
7223,696449,CR-0000099626,0,0,0,0,23-110-0212,False,False,0.0,2023-04-20 08:45:00,No Pedestrians Involved,Dry,No Unusual Conditions,Daylight,Violation Driver 1,No Controls Present/Factor,Clear,Broadside,Intersection,Other Vehicle,Not Applicable,Not Applicable,At,,False,True,25915,BROKAW RD,ROGERS AV,37.37872185,-121.9110752
7224,694252,CR-0000097927,1,0,0,0,23-109-0439,False,False,34.0,2023-04-19 13:25:00,No Pedestrians Involved,Dry,No Unusual Conditions,Daylight,Violation Driver 1,No Controls Present/Factor,Clear,Rear End,Related,Other Vehicle,Not Applicable,Not Applicable,East Of,,True,False,25915,BROKAW RD,ROGERS AV,37.37872185,-121.9110752
7228,697569,CR-0000099780,0,0,0,0,23-143-0847,False,False,0.0,2023-05-23 19:03:00,No Pedestrians Involved,Dry,No Unusual Conditions,Daylight,Violation Driver 1,No Controls Present/Factor,Clear,Broadside,Intersection,Other Vehicle,Not Applicable,Not Applicable,At,,False,True,80850,KYLE ST,PENITENCIA CREEK RD,37.38906755,-121.8462352
7229,695902,CR-0000099030,0,0,0,0,23-237-4001,False,True,0.0,2023-08-24 20:50:00,No Pedestrians Involved,Unknown,Unknown,Unknown,Unknown,Unknown,Unknown,Rear End,Intersection,Other Vehicle,Not Applicable,Not Applicable,At,,False,False,96030,NOBLE AV,PIEDMONT RD,37.39256058,-121.8434232
7230,711825,CR-0000101050,0,0,0,0,23-295-9703,False,True,0.0,2023-10-21 18:45:00,No Pedestrians Involved,Dry,No Unusual Conditions,Dark - Street Light,Unknown,Controls Functioning,Clear,Rear End,Intersection,Other Vehicle,Not Applicable,Not Applicable,At,,False,False,96030,NOBLE AV,PIEDMONT RD,37.39256058,-121.8434232
7231,690848,CR-0000096989,1,0,1,0,23-020-0114,False,False,0.0,2023-01-20 05:09:00,No Pedestrians Involved,Dry,No Unusual Conditions,Dark - Street Light,Violation Driver 1,No Controls Present/Factor,Clear,Broadside,Intersection,Other Vehicle,Not Applicable,Not Applicable,At,,False,False,23572,BRANHAM LANE EAST,EBERLY DR,37.26916894,-121.8148122
7237,691353,CR-0000097601,1,0,0,0,23-089-0060,False,False,0.0,2023-03-30 02:04:00,No Pedestrians Involved,Dry,Unknown,Dark - Street Light,Violation Driver 1,Controls Functioning,Clear,Rear End,Intersection,Other Vehicle,Not Applicable,Not Applicable,At,,True,True,60686,FIRST ST,TRIMBLE RD,37.38599241,-121.9277368
7238,694222,CR-0000098131,1,1,0,0,23-128-0652,True,False,438.0,2023-05-08 18:20:00,No Pedestrians Involved,Dry,No Unusual Conditions,Daylight,Violation Driver 1,Controls Functioning,Clear,Hit Object,Non-Related,Fixed Object,Not Applicable,Not Applicable,North Of,TREE,True,False,112221,TRIMBLE RD,ZANKER RD,37.38819445,-121.9243396
7239,699331,CR-0000100658,0,0,0,0,23-179-4000,False,True,51.0,2023-06-27 16:40:00,No Pedestrians Involved,Unknown,Unknown,Unknown,Unknown,Unknown,Unknown,Rear End,Non-Related,Unknown,Not Applicable,Not Applicable,East Of,,False,False,49060,DE LA CRUZ BL/SEABOARD AV,TRIMBLE RD,37.37947676,-121.9393821
7240,698785,CR-0000100066,0,1,0,0,23-347-0735,False,False,190.0,2023-12-13 17:32:00,No Pedestrians Involved,Dry,No Unusual Conditions,Dark - Street Light,Violation Driver 1,No Controls Present/Factor,Clear,Broadside,Non-Related,Other Vehicle,Not Applicable,Not Applicable,East Of,,False,False,49060,DE LA CRUZ BL/SEABOARD AV,TRIMBLE RD,37.37947676,-121.9393821
7248,712002,CR-0000101192,0,0,0,0,23-308-4000,False,True,51.0,2023-11-01 11:45:00,No Pedestrians Involved,Unknown,Unknown,Unknown,Unknown,Unknown,Unknown,Rear End,Non-Related,Other Vehicle,Not Applicable,Not Applicable,East Of,,False,False,6160,ALUM ROCK AV,SINCLAIR FR,37.36017523,-121.8399895
7254,691253,CR-0000097478,0,0,0,0,23-039-0284,False,False,0.0,2023-02-08 10:11:00,No Pedestrians Involved,Dry,No Unusual Conditions,Daylight,Violation Driver 1,Controls Functioning,Clear,Sideswipe,Intersection,Motor Vehicle On Other Roadway,Not Applicable,Not Applicable,At,,False,False,6160,ALUM ROCK AV,SINCLAIR FR,37.36017523,-121.8399895
7255,690576,CR-0000096697,0,1,0,0,23-009-0682,False,False,0.0,2023-01-09 17:35:00,No Pedestrians Involved,Dry,No Unusual Conditions,Dark - Street Light,Bike At Fault,Controls Functioning,Clear,Vehicle/Bike,Intersection,Bike,Not Applicable,Not Applicable,At,BIKE,False,False,6160,ALUM ROCK AV,SINCLAIR FR,37.36017523,-121.8399895
7256,690558,CR-0000096679,1,0,0,0,23-006-0785,False,False,0.0,2023-01-06 19:26:00,No Pedestrians Involved,Dry,No Unusual Conditions,Dark - Street Light,Violation Driver 1,Controls Functioning,Clear,Vehicle/Bike,Intersection,Bike,Not Applicable,Not Applicable,At,BIKE,False,False,6160,ALUM ROCK AV,SINCLAIR FR,37.36017523,-121.8399895
7258,691028,CR-0000097200,0,0,0,0,23-044-4004,False,True,,2023-02-13 18:20:00,No Pedestrians Involved,Unknown,Unknown,Unknown,Unknown,Unknown,Unknown,Rear End,Related,Other Vehicle,Not Applicable,Not Applicable,Unknown,,False,False,73810,HOPKINS DR,STORY RD,37.3436548,-121.8375636
7259,692569,CR-0000097860,0,1,0,0,23-097-0171,False,False,0.0,2023-04-07 06:30:00,Crossing In Crosswalk - At Intersection,Wet,No Unusual Conditions,Dark - Street Light,Violation Driver 1,Controls Functioning,Clear,Vehicle/Pedestrian,Intersection,Pedestrian,North,South,At,,False,False,73810,HOPKINS DR,STORY RD,37.3436548,-121.8375636
7260,694420,CR-0000098383,0,1,0,0,23-155-0800,False,False,51.0,2023-06-05 22:20:00,No Pedestrians Involved,Dry,No Unusual Conditions,Dark - Street Light,Violation Driver 1,Unknown,Clear,Vehicle/Bike,Non-Related,Bike,Not Applicable,Not Applicable,South Of,,False,True,73810,HOPKINS DR,STORY RD,37.3436548,-121.8375636
7261,711767,CR-0000101526,0,0,0,0,23-365-0699,False,False,0.0,2023-12-31 20:54:00,No Pedestrians Involved,Dry,No Unusual Conditions,Dark - Street Light,Violation Driver 1,Controls Functioning,Clear,Head On,Intersection,Other Vehicle,Not Applicable,Not Applicable,At,,False,True,73810,HOPKINS DR,STORY RD,37.3436548,-121.8375636
7262,695907,CR-0000099035,0,0,0,0,23-254-4007,False,True,51.0,2023-09-10 15:30:00,No Pedestrians Involved,Unknown,Unknown,Unknown,Unknown,Unknown,Unknown,Other,Non-Related,Other Vehicle,Not Applicable,Not Applicable,West Of,,False,False,73810,HOPKINS DR,STORY RD,37.3436548,-121.8375636
7263,696286,CR-0000099442,1,0,0,0,23-289-0548,False,False,0.0,2023-10-16 14:15:00,Crossing In Crosswalk - At Intersection,Dry,No Unusual Conditions,Daylight,Violation Driver 1,Controls Functioning,Clear,Vehicle/Pedestrian,Intersection,Pedestrian,South,North,At,PED,False,False,73810,HOPKINS DR,STORY RD,37.3436548,-121.8375636
7271,711912,CR-0000100987,0,0,0,0,23-266-0372,False,False,111.0,2023-09-23 12:22:00,No Pedestrians Involved,Dry,No Unusual Conditions,Daylight,Violation Driver 1,No Controls Present/Factor,Clear,Sideswipe,Non-Related,Parked Vehicle,Not Applicable,Not Applicable,South Of,,False,True,73810,HOPKINS DR,STORY RD,37.3436548,-121.8375636
7276,716036,CR-0000101732,0,0,0,0,23-224-0543,False,False,0.0,2023-08-12 16:11:00,No Pedestrians Involved,Dry,No Unusual Conditions,Daylight,Violation Driver 1,Controls Functioning,Clear,Rear End,Intersection,Other Vehicle,Not Applicable,Not Applicable,West Of,,True,True,32812,CAPITOL EX/SAN ANTONIO SR,JACKSON AV,37.35553912,-121.8406698
7285,696562,CR-0000099759,1,0,0,0,23-269-0229,False,False,346.0,2023-09-26 08:52:00,No Pedestrians Involved,Dry,No Unusual Conditions,Daylight,Violation Driver 1,Controls Functioning,Clear,Rear End,Non-Related,Other Vehicle,Not Applicable,Not Applicable,East Of,,False,False,32812,CAPITOL EX/SAN ANTONIO SR,JACKSON AV,37.35553912,-121.8406698
7286,695855,CR-0000098920,0,0,0,0,23-095-0827,False,False,200.0,2023-04-05 19:52:00,No Pedestrians Involved,Dry,No Unusual Conditions,Daylight,Violation Driver 1,Controls Functioning,Clear,Sideswipe,Non-Related,Fixed Object,Not Applicable,Not Applicable,South Of,GATE,False,False,32812,CAPITOL EX/SAN ANTONIO SR,JACKSON AV,37.35553912,-121.8406698
7287,698702,CR-0000099951,1,0,0,0,23-294-0469,False,False,754.0,2023-10-21 14:56:00,No Pedestrians Involved,Dry,No Unusual Conditions,Daylight,Violation Driver 1,No Controls Present/Factor,Clear,Rear End,Non-Related,Motor Vehicle On Other Roadway,Not Applicable,Not Applicable,East Of,,False,False,32812,CAPITOL EX/SAN ANTONIO SR,JACKSON AV,37.35553912,-121.8406698
7289,694113,CR-0000098112,0,1,0,0,23-123-0339,True,False,0.0,2023-05-03 12:30:00,No Pedestrians Involved,Dry,No Unusual Conditions,Daylight,Violation Driver 1,Controls Functioning,Cloudy,Broadside,Intersection,Other Vehicle,Not Applicable,Not Applicable,South Of,,False,False,32812,CAPITOL EX/SAN ANTONIO SR,JACKSON AV,37.35553912,-121.8406698
7293,690607,CR-0000096728,0,1,0,0,23-025-0458,False,False,0.0,2023-01-25 12:50:00,No Pedestrians Involved,Dry,No Unusual Conditions,Daylight,Bike At Fault,Controls Functioning,Clear,Vehicle/Bike,Intersection,Bike,Not Applicable,Not Applicable,At,BIKE,False,False,32812,CAPITOL EX/SAN ANTONIO SR,JACKSON AV,37.35553912,-121.8406698
7294,690976,CR-0000097147,1,0,0,0,23-040-0679,False,False,0.0,2023-02-09 16:34:00,No Pedestrians Involved,Dry,No Unusual Conditions,Daylight,Violation Driver 1,Controls Functioning,Clear,Broadside,Intersection,Other Vehicle,Not Applicable,Not Applicable,At,,False,False,32812,CAPITOL EX/SAN ANTONIO SR,JACKSON AV,37.35553912,-121.8406698
7297,690836,CR-0000096975,0,0,0,0,23-015-0371,False,False,189.0,2023-01-15 13:00:00,No Pedestrians Involved,Wet,Unknown,Daylight,Violation Driver 1,No Controls Present/Factor,Rain,Head On,Non-Related,Parked Vehicle,Not Applicable,Not Applicable,South Of,,False,False,39720,CLARENDON ST/FALLENLEAF LN,DE ANZA BL,37.30824082,-122.032261
7305,690816,CR-0000096955,1,0,0,0,23-030-0165,False,False,,2023-01-30 07:25:00,No Pedestrians Involved,Dry,No Unusual Conditions,Daylight,Violation Driver 1,No Controls Present/Factor,Clear,Sideswipe,Non-Related,Other Vehicle,Not Applicable,Not Applicable,West Of,,False,False,71158,HAZEL DELL WY,MOORPARK AV,37.31590413,-121.9815077
7306,715858,CR-0000101846,0,0,0,0,23-066-9706,False,True,507.0,2023-03-04 10:00:00,No Pedestrians Involved,Dry,Other,Dark - No Street Light,Unknown,Unknown,Clear,Rear End,Non-Related,Parked Vehicle,Not Applicable,Not Applicable,East Of,,False,True,38312,CHESLEY DR,GRIMSBY DR,37.28044222,-121.9831271
7309,694432,CR-0000098395,1,1,1,0,23-159-0606,False,False,546.0,2023-06-08 16:23:00,No Pedestrians Involved,Dry,No Unusual Conditions,Daylight,Violation Driver 1,Controls Functioning,Clear,Rear End,Non-Related,Other Vehicle,Not Applicable,Not Applicable,South Of,,True,False,92850,MONTEREY RD,OLD TULLY RD,37.30073371,-121.8582851
7317,691129,CR-0000097325,0,0,0,0,23-033-9707,False,True,,2023-02-01 16:40:00,No Pedestrians Involved,Dry,No Unusual Conditions,Daylight,Unknown,No Controls Present/Factor,Clear,Rear End,Related,Other Vehicle,Not Applicable,Not Applicable,North Of,,False,False,92828,MONTEREY RD,UMBARGER RD,37.29471758,-121.8524311
7318,692383,CR-0000097666,0,0,0,0,23-076-0177,False,False,42.0,2023-03-17 07:33:00,No Pedestrians Involved,Dry,No Unusual Conditions,Daylight,Violation Driver 1,Controls Functioning,Clear,Rear End,Related,Other Vehicle,Not Applicable,Not Applicable,South Of,,True,True,92828,MONTEREY RD,UMBARGER RD,37.29471758,-121.8524311
7319,699135,CR-0000100451,0,0,0,0,23-152-0909,False,False,0.0,2023-06-01 20:35:00,No Pedestrians Involved,Dry,No Unusual Conditions,Dark - Street Light,Violation Driver 1,Controls Functioning,Clear,Rear End,Intersection,Other Vehicle,Not Applicable,Not Applicable,At,,False,True,92828,MONTEREY RD,UMBARGER RD,37.29471758,-121.8524311
7320,695842,CR-0000098907,0,0,0,0,23-092-0831,False,False,0.0,2023-04-02 22:33:00,No Pedestrians Involved,Dry,No Unusual Conditions,Dark - Street Light,Violation Driver 1,Unknown,Clear,Rear End,Intersection,Other Vehicle,Not Applicable,Not Applicable,At,,True,True,92828,MONTEREY RD,UMBARGER RD,37.29471758,-121.8524311
7321,695974,CR-0000099109,0,0,0,0,23-217-0836,False,False,144.0,2023-08-05 21:59:00,No Pedestrians Involved,Dry,No Unusual Conditions,Dark - Street Light,Violation Driver 1,Controls Functioning,Clear,Sideswipe,Non-Related,Parked Vehicle,Not Applicable,Not Applicable,South Of,,False,False,92828,MONTEREY RD,UMBARGER RD,37.29471758,-121.8524311
7325,696145,CR-0000099287,0,0,0,0,23-239-0853,True,False,232.0,2023-08-27 21:15:00,No Pedestrians Involved,Dry,No Unusual Conditions,Dark - Street Light,Violation Driver 1,Controls Functioning,Clear,Rear End,Non-Related,Other Vehicle,Not Applicable,Not Applicable,South Of,TREE,True,True,92740,MONTEREY RD,SAN JOSE AV,37.31256896,-121.8700941
7326,699017,CR-0000100322,1,0,0,0,23-276-0182,False,False,70.0,2023-10-03 07:37:00,No Pedestrians Involved,Dry,No Unusual Conditions,Daylight,Violation Driver 1,No Controls Present/Factor,Clear,Rear End,Non-Related,Other Vehicle,Not Applicable,Not Applicable,South Of,,True,True,92740,MONTEREY RD,SAN JOSE AV,37.31256896,-121.8700941
7327,699432,CR-0000100797,0,0,0,0,23-200-0726,False,False,0.0,2023-07-19 18:34:00,No Pedestrians Involved,Dry,No Unusual Conditions,Daylight,Bike At Fault,Controls Functioning,Clear,Vehicle/Bike,Intersection,Bike,Not Applicable,Not Applicable,At,BIKE,False,False,92740,MONTEREY RD,SAN JOSE AV,37.31256896,-121.8700941
7339,699222,CR-0000100543,0,0,0,0,23-164-4000,False,True,51.0,2023-06-13 07:45:00,No Pedestrians Involved,Unknown,Unknown,Unknown,Unknown,Unknown,Unknown,Rear End,Non-Related,Other Vehicle,Not Applicable,Not Applicable,South Of,,False,False,92685,MONTEREY RD,PHELAN AV,37.31135287,-121.8688853
7340,696058,CR-0000099193,0,0,0,0,23-023-4002,False,True,0.0,2023-01-19 12:15:00,No Pedestrians Involved,Unknown,Unknown,Unknown,Unknown,Unknown,Unknown,Broadside,Intersection,Other Vehicle,Not Applicable,Not Applicable,At,,False,False,92685,MONTEREY RD,PHELAN AV,37.31135287,-121.8688853
7342,715871,CR-0000101844,0,0,0,0,23-019-4002,False,True,0.0,2023-01-19 12:15:00,No Pedestrians Involved,Unknown,Unknown,Unknown,Unknown,Unknown,Unknown,Broadside,Intersection,Other Vehicle,Not Applicable,Not Applicable,At,,False,False,92685,MONTEREY RD,PHELAN AV,37.31135287,-121.8688853
7344,716044,CR-0000101922,0,0,0,0,23-360-0424,False,False,45.0,2023-12-26 14:26:00,No Pedestrians Involved,Dry,No Unusual Conditions,Daylight,Violation Driver 1,Controls Functioning,Clear,Hit Object,Related,Fixed Object,Not Applicable,Not Applicable,North Of,PG&E POLE,False,True,120548,MONTEREY RD,STAUFFER BL,37.30839065,-121.8659363
7345,696041,CR-0000099176,0,0,0,0,23-212-0051,True,False,144.0,2023-07-31 01:18:00,No Pedestrians Involved,Dry,No Unusual Conditions,Dark - Street Light,Violation Driver 1,No Controls Present/Factor,Clear,Hit Object,Non-Related,Fixed Object,Not Applicable,Not Applicable,North Of,TREE,False,False,120548,MONTEREY RD,STAUFFER BL,37.30839065,-121.8659363
7346,694359,CR-0000098303,1,2,0,0,23-167-0734,False,False,244.0,2023-06-16 17:54:00,No Pedestrians Involved,Dry,No Unusual Conditions,Daylight,Violation Driver 1,No Controls Present/Factor,Clear,Rear End,Non-Related,Other Vehicle,Not Applicable,Not Applicable,North Of,,False,False,120548,MONTEREY RD,STAUFFER BL,37.30839065,-121.8659363
7347,694307,CR-0000098215,0,0,0,1,23-125-1120,False,False,390.0,2023-05-05 23:08:00,In Road - Includes Shoulder,Wet,No Unusual Conditions,Dark - Street Light,Unknown,No Controls Present/Factor,Rain,Vehicle/Pedestrian,Non-Related,Pedestrian,Unknown,Unknown,South Of,,False,True,120548,MONTEREY RD,STAUFFER BL,37.30839065,-121.8659363
7354,692376,CR-0000097658,1,0,1,0,23-066-0045,True,False,100.0,2023-03-07 01:18:00,No Pedestrians Involved,Wet,No Unusual Conditions,Dark - Street Light,Violation Driver 1,Controls Functioning,Rain,Hit Object,Non-Related,Fixed Object,Not Applicable,Not Applicable,North Of,"Tree, light pole",False,False,143362,MONTEREY RD,THE PLANT DW,37.30525564,-121.8628136
7356,696355,CR-0000099510,0,0,0,1,23-154-1081,False,False,607.0,2023-06-03 23:58:00,No Pedestrians Involved,Dry,No Unusual Conditions,Dark - Street Light,Violation Driver 1,No Controls Present/Factor,Clear,Vehicle/Bike,Non-Related,Bike,Not Applicable,Not Applicable,North Of,BIKE(DELAYED),True,True,143362,MONTEREY RD,THE PLANT DW,37.30525564,-121.8628136
7357,711828,CR-0000101563,0,0,0,0,23-359-0627,True,False,0.0,2023-12-25 21:45:00,No Pedestrians Involved,Dry,No Unusual Conditions,Dark - Street Light,Violation Driver 1,Controls Functioning,Clear,Hit Object,Intersection,Fixed Object,Not Applicable,Not Applicable,At,MEDIAN FENCE,True,False,143362,MONTEREY RD,THE PLANT DW,37.30525564,-121.8628136
7358,711795,CR-0000101290,0,0,0,0,23-227-0187,False,False,51.0,2023-08-15 07:17:00,No Pedestrians Involved,Dry,No Unusual Conditions,Daylight,Violation Driver 1,Controls Functioning,Clear,Rear End,Non-Related,Other Vehicle,Not Applicable,Not Applicable,South Of,,False,True,143362,MONTEREY RD,THE PLANT DW,37.30525564,-121.8628136
7360,691308,CR-0000097553,0,0,0,0,23-061-4004,False,True,51.0,2023-03-02 18:15:00,No Pedestrians Involved,Unknown,Unknown,Unknown,Unknown,Unknown,Unknown,Other,Non-Related,Parked Vehicle,Not Applicable,Not Applicable,North Of,,False,False,73974,HOSTETTER RD,MESSINA DR,37.40575756,-121.8580492
7362,697621,CR-0000099840,0,1,0,0,23-291-0623,False,False,0.0,2023-10-16 15:00:00,No Pedestrians Involved,Dry,No Unusual Conditions,Daylight,Violation Driver 1,Controls Functioning,Clear,Vehicle/Bike,Intersection,Scooter Motorized,Not Applicable,Not Applicable,At,E.SCOOTER,False,True,74128,HOSTETTER RD,SUN LN,37.40659528,-121.8567732
7363,696039,CR-0000099174,0,0,0,0,23-208-0697,False,False,51.0,2023-07-26 23:00:00,No Pedestrians Involved,Dry,No Unusual Conditions,Dark - Street Light,Violation Driver 1,No Controls Present/Factor,Clear,Sideswipe,Non-Related,Parked Vehicle,Not Applicable,Not Applicable,East Of,,True,True,73930,HOSTETTER RD,JAPAUL LN,37.40690859,-121.8559828
7366,694566,CR-0000098590,0,2,0,0,23-200-0607,False,False,0.0,2023-07-19 16:43:00,No Pedestrians Involved,Dry,No Unusual Conditions,Daylight,Violation Driver 1,Unknown,Clear,Broadside,Intersection,Other Vehicle,Not Applicable,Not Applicable,At,,False,False,97756,ORCHARD PW,PLUMERIA DR,37.38938597,-121.9353551