,CrashFactId,Name,MinorInjuries,ModerateInjuries,SevereInjuries,FatalInjuries,TcrNumber,CityDamageFlag,ShortFormFlag,Distance,CrashDateTime,PedestrianAction,RoadwaySurface,RoadwayCondition,Lighting,PrimaryCollisionFactor,TrafficControl,Weather,CollisionType,ProximityToIntersection,VehicleInvolvedWith,PedestrianDirectionFrom,PedestrianDirectionTo,DirectionFromIntersection,Comment,SpeedingFlag,HitAndRunFlag,IntersectionNumber,AStreetName,BStreetName,Latitude,Longitude
9663,712108,CR-0000101357,0,0,0,0,23-331-0739,False,False,294.0,2023-11-27 17:25:00,No Pedestrians Involved,Dry,No Unusual Conditions,Dark - Street Light,Violation Driver 1,No Controls Present/Factor,Clear,Rear End,Non-Related,Parked Vehicle,Not Applicable,Not Applicable,West Of,,False,False,59454,FERNWOOD AV,WINCHESTER BL,37.32808399,-121.9502084
9664,712074,CR-0000101003,0,1,0,0,23-270-0903,False,False,704.0,2023-09-27 21:04:00,In Road - Includes Shoulder,Dry,No Unusual Conditions,Daylight,Pedestrian At Fault,No Controls Present/Factor,Clear,Vehicle/Pedestrian,Non-Related,Wheelchair,West,East,East Of,WHEELCHAIR,False,False,62182,FOREST AV,MONROE ST,37.32705552,-121.9433298
9666,696512,CR-0000099699,0,1,0,0,23-338-0751,False,False,255.0,2023-12-04 17:37:00,No Pedestrians Involved,Dry,No Unusual Conditions,Dark - Street Light,Violation Driver 1,Controls Functioning,Clear,Rear End,Non-Related,Parked Vehicle,Not Applicable,Not Applicable,North Of,,False,False,62182,FOREST AV,MONROE ST,37.32705552,-121.9433298
9669,690549,CR-0000096670,0,1,0,0,23-007-0668,False,False,84.0,2023-01-07 19:40:00,No Pedestrians Involved,Wet,No Unusual Conditions,Dark - Street Light,Violation Driver 1,No Controls Present/Factor,Rain,Rear End,Non-Related,Parked Vehicle,Not Applicable,Not Applicable,South Of,,True,False,126653,PARK AV,SANDRINGHAM WY,37.3322252,-121.9219705
9670,698945,CR-0000100247,1,0,0,0,23-318-0542,False,False,65.0,2023-11-14 15:23:00,No Pedestrians Involved,Dry,No Unusual Conditions,Daylight,Violation Driver 1,No Controls Present/Factor,Clear,Vehicle/Bike,Non-Related,Bike,Not Applicable,Not Applicable,West Of,BIKE,False,False,126653,PARK AV,SANDRINGHAM WY,37.3322252,-121.9219705
9671,694460,CR-0000098425,1,0,0,0,23-162-0853,False,False,166.0,2023-06-11 22:15:00,No Pedestrians Involved,Dry,No Unusual Conditions,Dark - Street Light,Violation Driver 1,No Controls Present/Factor,Clear,Head On,Non-Related,Other Vehicle,Not Applicable,Not Applicable,West Of,,True,True,72423,HESTER AV,PARK AV,37.32988578,-121.9191462
9674,694479,CR-0000098473,0,1,0,0,23-184-1051,False,False,38.0,2023-07-04 06:43:00,Crossing - Not In Crosswalk,Dry,No Unusual Conditions,Dark - Street Light,Violation Driver 1,No Controls Present/Factor,Clear,Vehicle/Pedestrian,Related,Pedestrian,West,East,North Of,PED,False,False,113134,VICTORIA PARK DR,VISTAPARK DR,37.27309896,-121.8497912
9675,698832,CR-0000100115,0,1,0,0,23-336-0492,False,False,95.0,2023-12-02 15:17:00,No Pedestrians Involved,Dry,No Unusual Conditions,Daylight,Violation Driver 1,No Controls Present/Factor,Clear,Broadside,Non-Related,Other Vehicle,Not Applicable,Not Applicable,North Of,,False,False,113134,VICTORIA PARK DR,VISTAPARK DR,37.27309896,-121.8497912
9683,694497,CR-0000098491,2,0,0,0,23-188-0438,False,False,82.0,2023-07-07 13:30:00,No Pedestrians Involved,Dry,No Unusual Conditions,Daylight,Violation Driver 1,No Controls Present/Factor,Clear,Broadside,Non-Related,Other Vehicle,Not Applicable,Not Applicable,West Of,,False,False,77780,JULIAN ST,TWENTIETH ST,37.34955411,-121.8748503
9684,697579,CR-0000099790,0,1,0,0,23-250-0964,False,False,0.0,2023-09-07 22:15:00,No Pedestrians Involved,Dry,No Unusual Conditions,Dark - Street Light,Violation Driver 1,Controls Functioning,Clear,Broadside,Intersection,Other Vehicle,Not Applicable,Not Applicable,At,,False,True,77615,JULIAN ST,NINETEENTH ST,37.34911463,-121.8757767
9691,696441,CR-0000099618,0,0,0,0,23-112-0024,False,False,83.0,2023-04-22 00:20:00,No Pedestrians Involved,Dry,No Unusual Conditions,Dark - Street Light,Violation Driver 1,Controls Functioning,Clear,Sideswipe,Non-Related,Parked Vehicle,Not Applicable,Not Applicable,East Of,,True,True,77681,JULIAN ST,SEVENTEENTH ST,37.34822975,-121.8776438
9692,692501,CR-0000097789,0,0,0,0,23-070-0221,True,False,0.0,2023-03-11 00:01:00,No Pedestrians Involved,Wet,No Unusual Conditions,Dark - Street Light,Violation Driver 1,Unknown,Rain,Hit Object,Intersection,Fixed Object,Not Applicable,Not Applicable,At,,False,True,77681,JULIAN ST,SEVENTEENTH ST,37.34822975,-121.8776438
9693,699427,CR-0000100760,1,0,0,0,23-324-0247,False,False,0.0,2023-11-20 08:22:00,No Pedestrians Involved,Dry,Construction - Repair Zone,Daylight,Violation Driver 1,No Controls Present/Factor,Clear,Vehicle/Bike,Intersection,Bike,Not Applicable,Not Applicable,At,BICYCLIST,False,False,60246,FIRST ST,HENSLEY ST,37.34366447,-121.8961461
9694,690753,CR-0000096890,0,0,0,0,23-015-0495,False,False,0.0,2023-01-15 16:00:00,No Pedestrians Involved,Wet,No Unusual Conditions,Dusk - Dawn,Violation Driver 1,Controls Functioning,Rain,Hit Object,Intersection,Fixed Object,Not Applicable,Not Applicable,West Of,,True,True,59630,FIFTEENTH ST,JULIAN ST,37.34734479,-121.8795102
9711,699465,CR-0000100798,0,0,0,0,23-203-0823,True,False,24.0,2023-07-22 21:39:00,No Pedestrians Involved,Dry,No Unusual Conditions,Dark - Street Light,Violation Driver 1,No Controls Present/Factor,Clear,Hit Object,Related,Fixed Object,Not Applicable,Not Applicable,West Of,TREE,False,False,17544,BERRYESSA RD,LUNDY AV,37.37379053,-121.8730624
9712,699219,CR-0000100540,0,0,0,0,23-176-9701,False,True,0.0,2023-06-24 19:30:00,No Pedestrians Involved,Dry,No Unusual Conditions,Daylight,Unknown,Controls Functioning,Clear,Sideswipe,Intersection,Other Vehicle,Not Applicable,Not Applicable,At,,False,False,17544,BERRYESSA RD,LUNDY AV,37.37379053,-121.8730624
9713,699056,CR-0000100362,0,0,1,0,23-196-0426,False,False,35.0,2023-07-15 13:11:00,No Pedestrians Involved,Dry,No Unusual Conditions,Daylight,Bike At Fault,No Controls Present/Factor,Clear,Vehicle/Bike,Related,Bike,Not Applicable,Not Applicable,East Of,BIKE,False,False,17544,BERRYESSA RD,LUNDY AV,37.37379053,-121.8730624
9714,695987,CR-0000099122,0,0,0,0,23-235-4006,False,True,51.0,2023-08-23 16:15:00,No Pedestrians Involved,Unknown,Unknown,Unknown,Unknown,Unknown,Unknown,Broadside,Non-Related,Other Vehicle,Not Applicable,Not Applicable,East Of,,False,False,17544,BERRYESSA RD,LUNDY AV,37.37379053,-121.8730624
9723,711816,CR-0000101498,0,0,0,0,23-272-4006,False,True,0.0,2023-09-29 18:37:00,No Pedestrians Involved,Unknown,Unknown,Unknown,Unknown,Unknown,Unknown,Rear End,Intersection,Other Vehicle,Not Applicable,Not Applicable,At,,False,False,11000,AVENIDA DEL ROBLE/TRADEWINDS DR,SNELL AV,37.25477025,-121.8308112
9724,694260,CR-0000098159,1,1,0,0,23-135-0737,False,False,310.0,2023-05-15 17:11:00,No Pedestrians Involved,Dry,No Unusual Conditions,Daylight,Violation Driver 1,No Controls Present/Factor,Clear,Sideswipe,Non-Related,Other Vehicle,Not Applicable,Not Applicable,East Of,,True,False,11000,AVENIDA DEL ROBLE/TRADEWINDS DR,SNELL AV,37.25477025,-121.8308112
9732,691056,CR-0000097229,0,1,0,0,23-045-0764,False,False,0.0,2023-02-14 20:13:00,No Pedestrians Involved,Wet,Unknown,Dark - Street Light,Violation Driver 1,Unknown,Clear,Head On,Intersection,Parked Vehicle,Not Applicable,Not Applicable,At,,True,False,111847,THIRTIETH ST,WHITTON ST,37.34712503,-121.8606471
9733,711551,CR-0000101401,0,0,0,0,23-321-0014,False,False,121.0,2023-11-17 00:25:00,No Pedestrians Involved,Dry,No Unusual Conditions,Dark - Street Light,Violation Driver 1,Unknown,Cloudy,Sideswipe,Non-Related,Parked Vehicle,Not Applicable,Not Applicable,West Of,,False,False,111847,THIRTIETH ST,WHITTON ST,37.34712503,-121.8606471
9734,711664,CR-0000101452,0,0,0,0,23-252-4003,False,True,51.0,2023-09-08 18:50:00,No Pedestrians Involved,Unknown,Unknown,Unknown,Unknown,Unknown,Unknown,Sideswipe,Non-Related,Parked Vehicle,Not Applicable,Not Applicable,Unknown,,False,False,106006,SAN ANTONIO ST,TWENTY FOURTH ST,37.34404164,-121.8648462
9735,698731,CR-0000099981,1,0,0,0,23-260-0247,False,False,0.0,2023-09-17 07:20:00,No Pedestrians Involved,Dry,No Unusual Conditions,Daylight,Violation Driver 1,Controls Functioning,Clear,Broadside,Intersection,Other Vehicle,Not Applicable,Not Applicable,At,,False,True,106006,SAN ANTONIO ST,TWENTY FOURTH ST,37.34404164,-121.8648462
9736,696444,CR-0000099621,0,0,0,0,23-111-0091,False,False,220.0,2023-04-21 03:16:00,No Pedestrians Involved,Dry,No Unusual Conditions,Dark - Street Light,Violation Driver 1,No Controls Present/Factor,Clear,Head On,Non-Related,Parked Vehicle,Not Applicable,Not Applicable,South Of,,True,True,106006,SAN ANTONIO ST,TWENTY FOURTH ST,37.34404164,-121.8648462
9737,690891,CR-0000097035,0,0,0,0,23-009-0716,False,False,0.0,2023-01-09 18:12:00,No Pedestrians Involved,Wet,No Unusual Conditions,Dusk - Dawn,Violation Driver 1,Unknown,Clear,Broadside,Intersection,Other Vehicle,Not Applicable,Not Applicable,At,,True,False,106006,SAN ANTONIO ST,TWENTY FOURTH ST,37.34404164,-121.8648462
9741,719578,CR-0000102734,1,0,0,0,23-325-0978,False,False,0.0,2023-11-21 22:30:00,No Pedestrians Involved,Dry,No Unusual Conditions,Dark - Street Light,Violation Driver 1,Controls Functioning,Clear,Head On,Intersection,Other Vehicle,Not Applicable,Not Applicable,At,,False,False,106006,SAN ANTONIO ST,TWENTY FOURTH ST,37.34404164,-121.8648462
9744,694239,CR-0000098141,1,0,0,0,23-130-0137,False,False,51.0,2023-05-10 06:15:00,No Pedestrians Involved,Dry,No Unusual Conditions,Daylight,Violation Driver 1,No Controls Present/Factor,Cloudy,Broadside,Non-Related,Other Vehicle,Not Applicable,Not Applicable,East Of,,False,False,106028,SAN ANTONIO ST,TWENTY SIXTH ST,37.34472404,-121.8635013
9745,695871,CR-0000098936,0,0,0,0,23-091-0458,False,False,0.0,2023-04-01 15:24:00,No Pedestrians Involved,Dry,No Unusual Conditions,Daylight,Violation Driver 1,No Controls Present/Factor,Clear,Broadside,Intersection,Other Vehicle,Not Applicable,Not Applicable,At,,False,False,106039,SAN ANTONIO ST,TWENTY THIRD ST,37.34350605,-121.8656976
9746,712100,CR-0000101269,0,0,0,0,23-304-4005,False,True,,2023-11-23 09:36:00,No Pedestrians Involved,Unknown,Unknown,Unknown,Unknown,Unknown,Unknown,Other,Related,Parked Vehicle,Not Applicable,Not Applicable,East Of,,False,False,106039,SAN ANTONIO ST,TWENTY THIRD ST,37.34350605,-121.8656976
9747,712161,CR-0000101209,0,0,0,0,23-330-4005,False,True,,2023-11-23 09:00:00,No Pedestrians Involved,Unknown,Unknown,Unknown,Unknown,Unknown,Unknown,Other,Related,Parked Vehicle,Not Applicable,Not Applicable,Unknown,,False,False,106039,SAN ANTONIO ST,TWENTY THIRD ST,37.34350605,-121.8656976
9750,694458,CR-0000098423,0,2,0,0,23-159-0125,False,False,0.0,2023-06-08 06:30:00,No Pedestrians Involved,Dry,No Unusual Conditions,Daylight,Violation Driver 1,No Controls Present/Factor,Clear,Broadside,Intersection,Other Vehicle,Not Applicable,Not Applicable,At,,False,False,107029,SANTA ANA AV,TENTH ST,37.3592864,-121.8948901
9751,694506,CR-0000098500,1,0,0,0,23-176-0125,True,False,0.0,2023-06-25 02:15:00,No Pedestrians Involved,Dry,No Unusual Conditions,Dark - Street Light,Violation Driver 1,Controls Functioning,Clear,Hit Object,Intersection,Fixed Object,Not Applicable,Not Applicable,West Of,SIGNAL POLE,False,True,71631,HEDDING ST,TENTH ST,37.35790327,-121.8938616
9752,691361,CR-0000097610,2,0,0,0,23-058-0344,False,False,0.0,2023-02-27 11:27:00,No Pedestrians Involved,Wet,No Unusual Conditions,Daylight,Violation Driver 1,Controls Functioning,Rain,Broadside,Intersection,Other Vehicle,Not Applicable,Not Applicable,At,,True,False,71631,HEDDING ST,TENTH ST,37.35790327,-121.8938616
9753,690958,CR-0000097128,1,0,0,0,23-041-0567,False,False,51.0,2023-02-10 14:53:00,No Pedestrians Involved,Dry,No Unusual Conditions,Daylight,Violation Driver 1,No Controls Present/Factor,Clear,Broadside,Non-Related,Other Vehicle,Not Applicable,Not Applicable,West Of,,False,False,71631,HEDDING ST,TENTH ST,37.35790327,-121.8938616
9754,690618,CR-0000096739,4,0,0,0,23-028-0377,False,False,0.0,2023-01-28 12:04:00,No Pedestrians Involved,Dry,No Unusual Conditions,Daylight,Violation Driver 1,Controls Functioning,Clear,Broadside,Intersection,Other Vehicle,Not Applicable,Not Applicable,At,,False,False,71631,HEDDING ST,TENTH ST,37.35790327,-121.8938616
9755,696299,CR-0000099456,0,0,0,0,23-133-9701,False,True,,2023-05-12 22:12:00,No Pedestrians Involved,Dry,No Unusual Conditions,Dark - No Street Light,Unknown,Controls Functioning,Clear,Rear End,Related,Other Vehicle,Not Applicable,Not Applicable,East Of,,False,False,71631,HEDDING ST,TENTH ST,37.35790327,-121.8938616
9758,711860,CR-0000101236,0,0,0,0,23-330-0514,False,False,68.0,2023-11-26 16:03:00,No Pedestrians Involved,Dry,No Unusual Conditions,Daylight,Violation Driver 1,Controls Functioning,Clear,Hit Object,Non-Related,Fixed Object,Not Applicable,Not Applicable,East Of,,False,False,27444,BURTON AV,FIRST ST/I-880 NB,37.3571378,-121.9061965
9760,690701,CR-0000096837,0,0,0,0,23-020-9805,False,False,51.0,2023-01-02 14:35:00,No Pedestrians Involved,Wet,No Unusual Conditions,Daylight,Violation Driver 1,No Controls Present/Factor,Rain,Sideswipe,Non-Related,Other Vehicle,Not Applicable,Not Applicable,North Of,,False,True,27444,BURTON AV,FIRST ST/I-880 NB,37.3571378,-121.9061965
9764,691080,CR-0000097253,2,0,0,0,23-033-0578,False,False,0.0,2023-02-02 15:58:00,No Pedestrians Involved,Dry,Unknown,Daylight,Violation Driver 1,Controls Functioning,Clear,Sideswipe,Intersection,Motor Vehicle On Other Roadway,Not Applicable,Not Applicable,At,,False,False,126015,GUADALUPE FR,NARVAEZ AV,37.27599522,-121.8621886
9765,691309,CR-0000097554,0,0,0,0,23-070-4001,False,True,0.0,2023-03-02 18:50:00,No Pedestrians Involved,Unknown,Unknown,Unknown,Unknown,Unknown,Unknown,Sideswipe,Intersection,Other Vehicle,Not Applicable,Not Applicable,At,,False,False,126015,GUADALUPE FR,NARVAEZ AV,37.27599522,-121.8621886
9782,699226,CR-0000100547,0,0,0,0,23-166-4002,False,True,0.0,2023-06-15 07:45:00,No Pedestrians Involved,Unknown,Unknown,Unknown,Unknown,Unknown,Unknown,Other,Intersection,Other Vehicle,Not Applicable,Not Applicable,At,,False,False,14970,BAYSHORE FR,MCKEE RD,37.35460422,-121.865703
9783,711607,CR-0000100959,0,0,0,0,23-194-4003,False,True,0.0,2023-07-11 12:30:00,No Pedestrians Involved,Unknown,Unknown,Unknown,Unknown,Unknown,Unknown,Rear End,Intersection,Other Vehicle,Not Applicable,Not Applicable,At,,False,False,14970,BAYSHORE FR,MCKEE RD,37.35460422,-121.865703
9785,711947,CR-0000101491,0,0,0,0,23-257-9701,False,True,0.0,2023-09-13 20:08:00,No Pedestrians Involved,Dry,No Unusual Conditions,Dark - Street Light,Unknown,Controls Functioning,Clear,Rear End,Intersection,Other Vehicle,Not Applicable,Not Applicable,At,,False,False,14970,BAYSHORE FR,MCKEE RD,37.35460422,-121.865703
9790,711590,CR-0000101167,0,0,0,0,23-326-4000,False,True,51.0,2023-11-22 07:25:00,No Pedestrians Involved,Unknown,Unknown,Unknown,Unknown,Unknown,Unknown,Other,Non-Related,Motorcycle,Not Applicable,Not Applicable,Unknown,,False,False,89594,MCKEE RD,THIRTY THIRD ST,37.35599341,-121.8637975
9791,696506,CR-0000099693,0,2,0,0,23-297-0465,False,False,60.0,2023-10-24 13:36:00,No Pedestrians Involved,Dry,No Unusual Conditions,Daylight,Violation Driver 1,No Controls Present/Factor,Clear,Broadside,Non-Related,Other Vehicle,Not Applicable,Not Applicable,West Of,,False,False,89594,MCKEE RD,THIRTY THIRD ST,37.35599341,-121.8637975
9792,694634,CR-0000098667,1,0,0,0,23-209-0649,False,False,0.0,2023-07-28 17:26:00,No Pedestrians Involved,Dry,No Unusual Conditions,Daylight,Violation Driver 1,Controls Functioning,Clear,Rear End,Intersection,Other Vehicle,Not Applicable,Not Applicable,At,,False,False,89594,MCKEE RD,THIRTY THIRD ST,37.35599341,-121.8637975
9796,689738,CR-0000095750,0,0,0,0,23-079-0547,False,False,0.0,2023-03-20 14:40:00,No Pedestrians Involved,Dry,No Unusual Conditions,Daylight,Violation Driver 1,Controls Functioning,Clear,Hit Object,Intersection,Fixed Object,Not Applicable,Not Applicable,At,,True,True,89594,MCKEE RD,THIRTY THIRD ST,37.35599341,-121.8637975
9801,690830,CR-0000096969,0,0,0,0,23-007-0567,True,False,22.0,2023-01-07 17:29:00,No Pedestrians Involved,Wet,Unknown,Dark - Street Light,Violation Driver 1,No Controls Present/Factor,Rain,Hit Object,Related,Fixed Object,Not Applicable,Not Applicable,East Of,SIGN,False,False,89418,MCDONALD AV,MCKEE RD,37.35737707,-121.8617624
9804,712198,CR-0000101629,0,0,0,0,23-291-0878,True,False,85.0,2023-10-19 01:56:00,No Pedestrians Involved,Dry,No Unusual Conditions,Dark - Street Light,Violation Driver 1,Controls Functioning,Clear,Sideswipe,Non-Related,Parked Vehicle,Not Applicable,Not Applicable,South Of,TREE,True,False,48971,DAWSON AV,MACKEY AV,37.30698389,-121.8831109
9807,694107,CR-0000097917,1,0,0,0,23-079-0429,False,False,0.0,2023-03-20 15:24:00,No Pedestrians Involved,Dry,No Unusual Conditions,Daylight,Violation Driver 1,No Controls Present/Factor,Clear,Broadside,Intersection,Other Vehicle,Not Applicable,Not Applicable,At,,False,False,37784,CHERRY AV,MINNESOTA AV,37.30116483,-121.9040007
9808,698888,CR-0000100186,1,0,0,0,23-307-0733,False,False,0.0,2023-11-03 17:55:00,No Pedestrians Involved,Dry,No Unusual Conditions,Daylight,Violation Driver 1,No Controls Present/Factor,Clear,Head On,Intersection,Other Vehicle,Not Applicable,Not Applicable,At,,False,True,37784,CHERRY AV,MINNESOTA AV,37.30116483,-121.9040007
9809,698838,CR-0000100121,1,0,0,0,23-356-0908,False,False,0.0,2023-12-22 20:38:00,No Pedestrians Involved,Dry,No Unusual Conditions,Dark - Street Light,Violation Driver 1,Controls Functioning,Clear,Broadside,Intersection,Other Vehicle,Not Applicable,Not Applicable,At,,False,False,85876,LUCRETIA AV,STORY RD,37.33016919,-121.8574591
9810,711641,CR-0000100888,2,0,0,0,23-317-0001,False,False,0.0,2023-11-13 00:01:00,No Pedestrians Involved,Dry,No Unusual Conditions,Dark - Street Light,Violation Driver 1,Controls Functioning,Clear,Head On,Intersection,Other Vehicle,Not Applicable,Not Applicable,At,,False,False,85876,LUCRETIA AV,STORY RD,37.33016919,-121.8574591
9811,696177,CR-0000099320,0,1,0,0,23-140-0744,False,False,0.0,2023-05-20 19:35:00,Crossing In Crosswalk - At Intersection,Dry,No Unusual Conditions,Daylight,Violation Driver 1,Controls Functioning,Clear,Vehicle/Pedestrian,Intersection,Pedestrian,North,South,At,PED,False,True,85876,LUCRETIA AV,STORY RD,37.33016919,-121.8574591
9812,694094,CR-0000098122,0,1,0,0,23-125-0467,False,False,230.0,2023-05-05 14:01:00,No Pedestrians Involved,Dry,No Unusual Conditions,Daylight,Violation Driver 1,No Controls Present/Factor,Cloudy,Vehicle/Bike,Non-Related,Bike,Not Applicable,Not Applicable,North Of,BIKE,False,False,85876,LUCRETIA AV,STORY RD,37.33016919,-121.8574591
9813,692515,CR-0000097805,2,0,0,0,23-072-1034,False,False,102.0,2023-03-13 23:17:00,No Pedestrians Involved,Dry,No Unusual Conditions,Dark - Street Light,Violation Driver 1,Controls Functioning,Clear,Sideswipe,Non-Related,Other Vehicle,Not Applicable,Not Applicable,East Of,,False,False,85876,LUCRETIA AV,STORY RD,37.33016919,-121.8574591
9824,690858,CR-0000096999,0,0,0,0,23-021-0344,False,False,0.0,2023-01-21 12:16:00,No Pedestrians Involved,Dry,No Unusual Conditions,Daylight,Violation Driver 1,Controls Functioning,Clear,Sideswipe,Intersection,Other Vehicle,Not Applicable,Not Applicable,At,,False,True,85854,LUCRETIA AV,OWSLEY AV,37.32910404,-121.8564182
9826,711836,CR-0000101070,0,0,0,0,23-293-0590,False,False,500.0,2023-10-20 16:17:00,No Pedestrians Involved,Dry,No Unusual Conditions,Daylight,Violation Driver 1,No Controls Present/Factor,Clear,Head On,Non-Related,Other Vehicle,Not Applicable,Not Applicable,West Of,,True,True,40347,CLEMENCE AV,WALNUT WOODS DR,37.32887941,-121.8530494
9827,690668,CR-0000096801,0,0,0,0,23-018-0939,True,False,0.0,2023-01-18 22:30:00,No Pedestrians Involved,Dry,No Unusual Conditions,Dark - Street Light,Violation Driver 1,No Controls Present/Factor,Clear,Broadside,Intersection,Parked Vehicle,Not Applicable,Not Applicable,At,,False,True,40314,CLEMENCE AV,OWSLEY AV,37.33039267,-121.8544125
9828,716043,CR-0000101840,0,1,0,0,23-337-0677,False,False,16.0,2023-12-03 17:40:00,No Pedestrians Involved,Dry,No Unusual Conditions,Dark - Street Light,Violation Driver 1,No Controls Present/Factor,Clear,Vehicle/Bike,Related,Bike,Not Applicable,Not Applicable,South Of,BIKE,False,False,40314,CLEMENCE AV,OWSLEY AV,37.33039267,-121.8544125
9829,715845,CR-0000101937,0,0,0,0,23-227-9709,False,True,51.0,2023-08-14 15:00:00,No Pedestrians Involved,Dry,No Unusual Conditions,Daylight,Unknown,No Controls Present/Factor,Clear,Sideswipe,Non-Related,Other Vehicle,Not Applicable,Not Applicable,West Of,,False,False,89825,MCLAUGHLIN AV,OWSLEY AV/PIPE DREAM CT,37.33144974,-121.8523999
9831,699020,CR-0000100325,0,1,0,0,23-293-0727,False,False,190.0,2023-10-20 18:20:00,No Pedestrians Involved,Dry,No Unusual Conditions,Daylight,Violation Driver 1,No Controls Present/Factor,Clear,Rear End,Non-Related,Other Vehicle,Not Applicable,Not Applicable,North Of,,False,True,89825,MCLAUGHLIN AV,OWSLEY AV/PIPE DREAM CT,37.33144974,-121.8523999
9836,699039,CR-0000100345,1,0,0,0,23-190-0850,False,False,0.0,2023-07-09 22:50:00,No Pedestrians Involved,Dry,No Unusual Conditions,Dark - Street Light,Violation Driver 1,No Controls Present/Factor,Clear,Broadside,Intersection,Other Vehicle,Not Applicable,Not Applicable,At,,False,True,55912,ELEVENTH ST,VESTAL ST,37.35732922,-121.8920083
9837,699053,CR-0000100359,1,0,0,0,23-183-0704,False,True,0.0,2023-07-01 17:15:00,No Pedestrians Involved,Dry,No Unusual Conditions,Daylight,Unknown,Unknown,Clear,Broadside,Intersection,Other Vehicle,Not Applicable,Not Applicable,At,,False,False,55912,ELEVENTH ST,VESTAL ST,37.35732922,-121.8920083
9838,694713,CR-0000098774,1,0,0,0,23-226-0534,False,False,30.0,2023-08-14 13:39:00,No Pedestrians Involved,Unknown,No Unusual Conditions,Daylight,Violation Driver 1,Controls Functioning,Clear,Sideswipe,Related,Other Vehicle,Not Applicable,Not Applicable,West Of,,False,False,55912,ELEVENTH ST,VESTAL ST,37.35732922,-121.8920083
9840,696114,CR-0000099255,0,0,0,0,23-230-0734,False,False,0.0,2023-08-18 18:30:00,No Pedestrians Involved,Dry,No Unusual Conditions,Daylight,Violation Driver 1,No Controls Present/Factor,Clear,Broadside,Intersection,Other Vehicle,Not Applicable,Not Applicable,At,,False,True,112518,TWELFTH ST,VESTAL ST,37.35777479,-121.8910765
9844,696415,CR-0000099592,2,0,0,0,23-284-0283,False,False,0.0,2023-10-11 10:40:00,No Pedestrians Involved,Dry,No Unusual Conditions,Daylight,Violation Driver 1,Controls Functioning,Clear,Broadside,Intersection,Other Vehicle,Not Applicable,Not Applicable,At,,False,False,55780,ELEVENTH ST,MISSION ST,37.35626226,-121.8912106
9845,690027,CR-0000096084,1,0,0,1,23-109-0581,False,False,0.0,2023-04-19 16:15:00,No Pedestrians Involved,Dry,No Unusual Conditions,Daylight,Unknown,Controls Functioning,Clear,Broadside,Intersection,Motorcycle,Not Applicable,Not Applicable,At,MC FATALITY,False,False,55780,ELEVENTH ST,MISSION ST,37.35626226,-121.8912106
9846,692448,CR-0000097733,1,0,0,0,23-083-0567,False,False,82.0,2023-03-24 15:35:00,No Pedestrians Involved,Dry,No Unusual Conditions,Daylight,Violation Driver 1,No Controls Present/Factor,Clear,Sideswipe,Non-Related,Motor Vehicle On Other Roadway,Not Applicable,Not Applicable,East Of,,False,False,55780,ELEVENTH ST,MISSION ST,37.35626226,-121.8912106
9847,692402,CR-0000097685,1,0,0,0,23-080-0430,False,False,0.0,2023-03-21 13:09:00,No Pedestrians Involved,Wet,No Unusual Conditions,Daylight,Violation Driver 1,No Controls Present/Factor,Rain,Broadside,Intersection,Other Vehicle,Not Applicable,Not Applicable,At,,True,False,55780,ELEVENTH ST,MISSION ST,37.35626226,-121.8912106
9848,694323,CR-0000098267,2,0,0,0,23-180-0795,False,False,0.0,2023-06-29 19:55:00,No Pedestrians Involved,Dry,No Unusual Conditions,Dusk - Dawn,Violation Driver 1,Controls Functioning,Clear,Head On,Intersection,Other Vehicle,Not Applicable,Not Applicable,At,,False,False,63030,FOURTH ST,TAYLOR ST,37.35059121,-121.897038
9849,690645,CR-0000096767,0,0,0,0,23-007-0852,False,False,78.0,2023-01-07 23:31:00,No Pedestrians Involved,Wet,No Unusual Conditions,Dark - Street Light,Violation Driver 1,Controls Functioning,Rain,Rear End,Non-Related,Other Vehicle,Not Applicable,Not Applicable,East Of,,True,True,63030,FOURTH ST,TAYLOR ST,37.35059121,-121.897038
9850,690992,CR-0000097163,0,0,0,0,23-041-4005,False,True,,2023-02-10 16:20:00,No Pedestrians Involved,Unknown,Unknown,Daylight,Unknown,Unknown,Unknown,Rear End,Related,Other Vehicle,Not Applicable,Not Applicable,Unknown,,False,False,63030,FOURTH ST,TAYLOR ST,37.35059121,-121.897038
9851,696074,CR-0000099209,0,0,0,0,23-032-4005,False,True,0.0,2023-01-19 17:00:00,No Pedestrians Involved,Unknown,Unknown,Unknown,Unknown,Unknown,Unknown,Sideswipe,Intersection,Other Vehicle,Not Applicable,Not Applicable,At,,False,False,63030,FOURTH ST,TAYLOR ST,37.35059121,-121.897038
9858,692480,CR-0000097768,1,0,0,0,23-074-0556,False,False,40.0,2023-03-15 14:08:00,No Pedestrians Involved,Dry,No Unusual Conditions,Daylight,Violation Driver 1,Unknown,Clear,Rear End,Related,Other Vehicle,Not Applicable,Not Applicable,West Of,,True,False,59949,FIFTH ST,TAYLOR ST,37.35110657,-121.895956
9864,691157,CR-0000097358,1,0,0,0,23-046-0091,False,False,0.0,2023-02-15 04:00:00,No Pedestrians Involved,Dry,No Unusual Conditions,Dark - No Street Light,Violation Driver 1,No Controls Present/Factor,Clear,Rear End,Intersection,Parked Vehicle,Not Applicable,Not Applicable,At,,True,False,55043,EL CAJON DR,SEBASIAN WY,37.28254053,-121.8272208